Timestamp,Operator ID,Machine ID,Cab CO2 (ppm),Cab PM2.5 (µg/m³),Cab Temp (C),Cab Humidity (%),Operator Facial Temp (C),HVAC Override Active,Fresh Air Flush Active
2026-09-23 06:00:00,OP1010,EXC001,831,17.7,22.5,48,36.7,No,No
2026-09-23 06:00:00,OP1010,LDR002,845,17.7,24.9,51,36.6,No,No
2026-09-23 06:00:00,OP1010,BDZ003,848,15.4,25.7,47,36.5,No,No
2026-09-23 06:00:00,OP1010,GRD004,751,23.3,24.3,56,36.5,No,No
2026-09-23 06:00:00,OP1002,DMP005,795,19.4,23.6,48,36.3,No,No
2026-09-23 06:00:00,OP1009,CMP006,662,20.3,22.3,51,36.4,No,No
2026-09-23 06:00:00,OP1007,EXC007,675,14.5,22.6,55,36.4,No,No
2026-09-23 06:00:00,OP1002,LDR008,798,15.6,24.8,45,36.6,No,No
2026-09-23 06:00:01,OP1010,EXC001,842,18.4,22.4,50,36.7,No,No
2026-09-23 06:00:01,OP1010,LDR002,842,16.8,25.0,53,36.6,No,No
2026-09-23 06:00:01,OP1010,BDZ003,857,17.2,25.6,47,36.5,No,No
2026-09-23 06:00:01,OP1010,GRD004,747,22.5,24.4,58,36.6,No,No
2026-09-23 06:00:01,OP1002,DMP005,800,18.9,23.6,48,36.4,No,No
2026-09-23 06:00:01,OP1009,CMP006,672,20.5,22.4,51,36.4,No,No
2026-09-23 06:00:01,OP1007,EXC007,686,16.5,22.7,57,36.4,No,No
2026-09-23 06:00:01,OP1002,LDR008,797,15.1,24.8,43,36.6,No,No
2026-09-23 06:00:02,OP1010,EXC001,844,18.4,22.3,50,36.7,No,No
2026-09-23 06:00:02,OP1010,LDR002,852,18.6,25.1,54,36.6,No,No
2026-09-23 06:00:02,OP1010,BDZ003,868,18.6,25.6,45,36.6,No,No
2026-09-23 06:00:02,OP1010,GRD004,743,23.7,24.5,59,36.6,No,No
2026-09-23 06:00:02,OP1002,DMP005,808,18.2,23.6,49,36.4,No,No
2026-09-23 06:00:02,OP1009,CMP006,674,20.3,22.5,53,36.4,No,No
2026-09-23 06:00:02,OP1007,EXC007,682,17.7,22.7,57,36.4,No,No
2026-09-23 06:00:02,OP1002,LDR008,803,15.4,24.8,43,36.7,No,No
2026-09-23 06:00:03,OP1010,EXC001,840,20.0,22.2,51,36.8,No,No
2026-09-23 06:00:03,OP1010,LDR002,856,19.5,25.1,55,36.7,No,No
2026-09-23 06:00:03,OP1010,BDZ003,865,20.0,25.6,45,36.6,No,No
2026-09-23 06:00:03,OP1010,GRD004,754,25.2,24.6,57,36.6,No,No
2026-09-23 06:00:03,OP1002,DMP005,804,17.6,23.7,50,36.4,No,No
2026-09-23 06:00:03,OP1009,CMP006,678,22.2,22.6,52,36.4,No,No
2026-09-23 06:00:03,OP1007,EXC007,680,18.7,22.7,58,36.4,No,No
2026-09-23 06:00:03,OP1002,LDR008,800,15.7,24.9,41,36.7,No,No
2026-09-23 06:00:04,OP1010,EXC001,838,20.6,22.3,49,36.8,No,No
2026-09-23 06:00:04,OP1010,LDR002,868,20.6,25.1,56,36.7,No,No
2026-09-23 06:00:04,OP1010,BDZ003,868,19.5,25.6,46,36.6,No,No
2026-09-23 06:00:04,OP1010,GRD004,755,26.9,24.5,59,36.6,No,No
2026-09-23 06:00:04,OP1002,DMP005,803,18.6,23.7,49,36.4,No,No
2026-09-23 06:00:04,OP1009,CMP006,689,22.4,22.6,51,36.5,No,No
2026-09-23 06:00:04,OP1007,EXC007,686,18.6,22.8,56,36.4,No,No
2026-09-23 06:00:04,OP1002,LDR008,801,16.2,24.9,43,36.7,No,No
2026-09-23 06:00:05,OP1010,EXC001,849,19.8,22.3,51,36.8,No,No
2026-09-23 06:00:05,OP1010,LDR002,873,19.9,25.1,56,36.7,No,No
2026-09-23 06:00:05,OP1010,BDZ003,867,18.9,25.7,46,36.6,No,No
2026-09-23 06:00:05,OP1010,GRD004,761,28.2,24.5,59,36.7,No,No
2026-09-23 06:00:05,OP1002,DMP005,812,18.4,23.7,48,36.5,No,No
2026-09-23 06:00:05,OP1009,CMP006,684,24.0,22.6,53,36.5,No,No
2026-09-23 06:00:05,OP1007,EXC007,690,18.9,22.9,55,36.4,No,No
2026-09-23 06:00:05,OP1002,LDR008,795,17.8,25.0,45,36.7,No,No
2026-09-23 06:00:06,OP1010,EXC001,851,18.9,22.4,51,36.8,No,No
2026-09-23 06:00:06,OP1010,LDR002,877,19.8,25.0,57,36.8,No,No
2026-09-23 06:00:06,OP1010,BDZ003,870,18.7,25.7,44,36.7,No,No
2026-09-23 06:00:06,OP1010,GRD004,769,29.6,24.6,59,36.7,No,No
2026-09-23 06:00:06,OP1002,DMP005,810,19.5,23.6,48,36.5,No,No
2026-09-23 06:00:06,OP1009,CMP006,689,23.3,22.6,51,36.5,No,No
2026-09-23 06:00:06,OP1007,EXC007,685,18.5,23.0,55,36.4,No,No
2026-09-23 06:00:06,OP1002,LDR008,805,18.0,25.1,43,36.7,No,No
2026-09-23 06:00:07,OP1010,EXC001,843,20.5,22.5,49,36.9,No,No
2026-09-23 06:00:07,OP1010,LDR002,870,19.5,25.0,56,36.8,No,No
2026-09-23 06:00:07,OP1010,BDZ003,874,20.7,25.8,42,36.7,No,No
2026-09-23 06:00:07,OP1010,GRD004,769,30.9,24.6,60,36.8,No,No
2026-09-23 06:00:07,OP1002,DMP005,812,19.1,23.6,48,36.5,No,No
2026-09-23 06:00:07,OP1009,CMP006,691,24.4,22.6,52,36.5,No,No
2026-09-23 06:00:07,OP1007,EXC007,696,19.5,22.9,53,36.4,No,No
2026-09-23 06:00:07,OP1002,LDR008,802,18.9,25.0,42,36.7,No,No
2026-09-23 06:00:08,OP1010,EXC001,835,19.7,22.4,51,36.9,No,No
2026-09-23 06:00:08,OP1010,LDR002,867,20.7,25.0,55,36.8,No,No
2026-09-23 06:00:08,OP1010,BDZ003,874,22.1,25.8,41,36.7,No,No
2026-09-23 06:00:08,OP1010,GRD004,766,30.2,24.6,62,36.8,No,No
2026-09-23 06:00:08,OP1002,DMP005,808,18.8,23.7,48,36.5,No,No
2026-09-23 06:00:08,OP1009,CMP006,696,26.2,22.6,54,36.6,No,No
2026-09-23 06:00:08,OP1007,EXC007,703,19.5,22.9,54,36.4,No,No
2026-09-23 06:00:08,OP1002,LDR008,794,18.9,25.0,43,36.7,No,No
2026-09-23 06:00:09,OP1010,EXC001,833,21.1,22.5,52,36.9,No,No
2026-09-23 06:00:09,OP1010,LDR002,875,21.4,25.0,57,36.8,No,No
2026-09-23 06:00:09,OP1010,BDZ003,871,23.4,25.9,41,36.8,No,No
2026-09-23 06:00:09,OP1010,GRD004,763,30.8,24.7,61,36.8,No,No
2026-09-23 06:00:09,OP1002,DMP005,801,19.2,23.7,50,36.5,No,No
2026-09-23 06:00:09,OP1009,CMP006,698,26.3,22.7,55,36.6,No,No
2026-09-23 06:00:09,OP1007,EXC007,706,18.7,22.9,55,36.4,No,No
2026-09-23 06:00:09,OP1002,LDR008,791,19.2,25.0,42,36.7,No,No
2026-09-23 06:00:10,OP1010,EXC001,842,20.2,22.4,54,36.9,No,No
2026-09-23 06:00:10,OP1010,LDR002,870,20.6,25.0,55,36.9,No,No
2026-09-23 06:00:10,OP1010,BDZ003,872,24.1,26.0,42,36.8,No,No
2026-09-23 06:00:10,OP1010,GRD004,765,32.1,24.8,59,36.8,No,No
2026-09-23 06:00:10,OP1002,DMP005,797,19.3,23.8,49,36.5,No,No
2026-09-23 06:00:10,OP1009,CMP006,695,25.3,22.7,53,36.6,No,No
2026-09-23 06:00:10,OP1007,EXC007,698,20.2,22.8,53,36.5,No,No
2026-09-23 06:00:10,OP1002,LDR008,786,20.0,25.0,43,36.8,No,No
2026-09-23 06:00:11,OP1010,EXC001,838,21.6,22.4,52,37.0,No,No
2026-09-23 06:00:11,OP1010,LDR002,870,19.7,25.0,54,36.9,No,No
2026-09-23 06:00:11,OP1010,BDZ003,871,26.0,26.0,40,36.8,No,No
2026-09-23 06:00:11,OP1010,GRD004,775,33.6,24.9,60,36.8,No,No
2026-09-23 06:00:11,OP1002,DMP005,797,19.8,23.7,47,36.6,No,No
2026-09-23 06:00:11,OP1009,CMP006,699,26.7,22.7,54,36.6,No,No
2026-09-23 06:00:11,OP1007,EXC007,710,21.2,22.8,54,36.5,No,No
2026-09-23 06:00:11,OP1002,LDR008,794,19.9,25.0,41,36.8,No,No
2026-09-23 06:00:12,OP1010,EXC001,846,21.1,22.5,52,37.0,No,No
2026-09-23 06:00:12,OP1010,LDR002,876,21.2,25.0,56,36.9,No,No
2026-09-23 06:00:12,OP1010,BDZ003,863,26.5,26.1,38,36.8,No,No
2026-09-23 06:00:12,OP1010,GRD004,769,32.6,25.0,62,36.8,No,No
2026-09-23 06:00:12,OP1002,DMP005,796,20.9,23.7,47,36.6,No,No
2026-09-23 06:00:12,OP1009,CMP006,695,26.9,22.6,52,36.6,No,No
2026-09-23 06:00:12,OP1007,EXC007,721,22.2,22.7,52,36.5,No,No
2026-09-23 06:00:12,OP1002,LDR008,805,20.7,25.0,40,36.9,No,No
2026-09-23 06:00:13,OP1010,EXC001,855,21.7,22.6,54,37.1,No,No
2026-09-23 06:00:13,OP1010,LDR002,871,22.2,24.9,55,36.9,No,No
2026-09-23 06:00:13,OP1010,BDZ003,871,28.3,26.2,37,36.9,No,No
2026-09-23 06:00:13,OP1010,GRD004,761,33.5,25.1,64,36.8,No,No
2026-09-23 06:00:13,OP1002,DMP005,805,20.8,23.7,45,36.7,No,No
2026-09-23 06:00:13,OP1009,CMP006,698,28.6,22.5,51,36.6,No,No
2026-09-23 06:00:13,OP1007,EXC007,725,21.3,22.7,53,36.5,No,No
2026-09-23 06:00:13,OP1002,LDR008,806,20.4,25.1,42,36.9,No,No
2026-09-23 06:00:14,OP1010,EXC001,856,21.2,22.7,52,37.1,No,No
2026-09-23 06:00:14,OP1010,LDR002,863,21.5,25.0,55,36.9,No,No
2026-09-23 06:00:14,OP1010,BDZ003,865,30.0,26.2,35,36.9,No,No
2026-09-23 06:00:14,OP1010,GRD004,758,32.6,25.1,66,36.9,No,No
2026-09-23 06:00:14,OP1002,DMP005,814,21.7,23.6,46,36.7,No,No
2026-09-23 06:00:14,OP1009,CMP006,699,29.4,22.6,53,36.6,No,No
2026-09-23 06:00:14,OP1007,EXC007,737,21.3,22.8,52,36.6,No,No
2026-09-23 06:00:14,OP1002,LDR008,811,21.4,25.2,41,37.0,No,No
2026-09-23 06:00:15,OP1010,EXC001,857,21.3,22.8,52,37.1,No,No
2026-09-23 06:00:15,OP1010,LDR002,872,21.6,25.1,54,37.0,No,No
2026-09-23 06:00:15,OP1010,BDZ003,874,31.4,26.1,35,36.9,No,No
2026-09-23 06:00:15,OP1010,GRD004,760,33.4,25.2,67,36.9,No,No
2026-09-23 06:00:15,OP1002,DMP005,824,23.0,23.6,45,36.7,No,No
2026-09-23 06:00:15,OP1009,CMP006,700,29.0,22.7,52,36.6,No,No
2026-09-23 06:00:15,OP1007,EXC007,733,21.9,22.9,50,36.6,No,No
2026-09-23 06:00:15,OP1002,LDR008,821,21.8,25.3,40,37.0,No,No
2026-09-23 06:00:16,OP1010,EXC001,850,22.1,22.8,50,37.1,No,No
2026-09-23 06:00:16,OP1010,LDR002,883,21.9,25.1,56,37.0,No,No
2026-09-23 06:00:16,OP1010,BDZ003,874,32.8,26.0,37,36.9,No,No
2026-09-23 06:00:16,OP1010,GRD004,759,34.6,25.2,67,37.0,No,No
2026-09-23 06:00:16,OP1002,DMP005,834,22.3,23.6,45,36.7,No,No
2026-09-23 06:00:16,OP1009,CMP006,705,29.5,22.8,50,36.7,No,No
2026-09-23 06:00:16,OP1007,EXC007,743,23.4,23.0,51,36.6,No,No
2026-09-23 06:00:16,OP1002,LDR008,821,21.2,25.3,39,37.1,No,No
2026-09-23 06:00:17,OP1010,EXC001,842,22.1,22.9,51,37.1,No,No
2026-09-23 06:00:17,OP1010,LDR002,879,23.8,25.0,57,37.1,No,No
2026-09-23 06:00:17,OP1010,BDZ003,874,31.9,26.1,38,36.9,No,No
2026-09-23 06:00:17,OP1010,GRD004,768,36.5,25.3,68,37.0,No,No
2026-09-23 06:00:17,OP1002,DMP005,845,23.4,23.5,46,36.8,No,No
2026-09-23 06:00:17,OP1009,CMP006,704,30.7,22.9,48,36.8,No,No
2026-09-23 06:00:17,OP1007,EXC007,751,23.6,23.1,51,36.6,No,No
2026-09-23 06:00:17,OP1002,LDR008,823,21.5,25.4,37,37.2,No,No
2026-09-23 06:00:18,OP1010,EXC001,844,22.7,23.0,51,37.1,No,No
2026-09-23 06:00:18,OP1010,LDR002,888,25.6,25.0,57,37.1,No,No
2026-09-23 06:00:18,OP1010,BDZ003,881,33.0,26.2,36,36.9,No,No
2026-09-23 06:00:18,OP1010,GRD004,760,35.9,25.4,67,37.0,No,No
2026-09-23 06:00:18,OP1002,DMP005,846,23.4,23.5,48,36.9,No,No
2026-09-23 06:00:18,OP1009,CMP006,710,29.8,22.9,47,36.8,No,No
2026-09-23 06:00:18,OP1007,EXC007,758,24.4,23.1,50,36.6,No,No
2026-09-23 06:00:18,OP1002,LDR008,823,21.5,25.5,36,37.2,No,No
2026-09-23 06:00:19,OP1010,EXC001,848,22.1,22.9,52,37.1,No,No
2026-09-23 06:00:19,OP1010,LDR002,896,27.5,25.1,55,37.1,No,No
2026-09-23 06:00:19,OP1010,BDZ003,886,32.7,26.3,35,37.0,No,No
2026-09-23 06:00:19,OP1010,GRD004,764,36.6,25.5,65,37.0,No,No
2026-09-23 06:00:19,OP1002,DMP005,854,24.0,23.5,50,37.0,No,No
2026-09-23 06:00:19,OP1009,CMP006,721,31.5,23.0,46,36.8,No,No
2026-09-23 06:00:19,OP1007,EXC007,756,24.8,23.0,49,36.6,No,No
2026-09-23 06:00:19,OP1002,LDR008,817,23.0,25.6,36,37.2,No,No
2026-09-23 06:00:20,OP1010,EXC001,848,23.1,23.0,52,37.1,No,No
2026-09-23 06:00:20,OP1010,LDR002,900,27.0,25.1,54,37.2,No,No
2026-09-23 06:00:20,OP1010,BDZ003,892,32.9,26.2,36,37.0,No,No
2026-09-23 06:00:20,OP1010,GRD004,774,36.0,25.5,67,37.0,No,No
2026-09-23 06:00:20,OP1002,DMP005,863,25.1,23.6,51,37.0,No,No
2026-09-23 06:00:20,OP1009,CMP006,729,32.9,22.9,44,36.8,No,No
2026-09-23 06:00:20,OP1007,EXC007,758,25.5,23.0,51,36.7,No,No
2026-09-23 06:00:20,OP1002,LDR008,781,24.5,25.7,35,37.1,Yes,Yes
2026-09-23 06:00:21,OP1010,EXC001,851,23.2,22.9,54,37.1,No,No
2026-09-23 06:00:21,OP1010,LDR002,895,27.6,25.2,54,37.2,No,No
2026-09-23 06:00:21,OP1010,BDZ003,894,32.2,26.1,35,37.0,No,No
2026-09-23 06:00:21,OP1010,GRD004,784,36.0,25.5,67,37.1,No,No
2026-09-23 06:00:21,OP1002,DMP005,870,26.3,23.7,49,37.0,No,No
2026-09-23 06:00:21,OP1009,CMP006,731,32.6,22.9,46,36.8,No,No
2026-09-23 06:00:21,OP1007,EXC007,754,25.1,23.1,49,36.8,No,No
2026-09-23 06:00:21,OP1002,LDR008,785,24.7,25.6,37,37.2,Yes,Yes
2026-09-23 06:00:22,OP1010,EXC001,844,22.4,22.8,55,37.1,No,No
2026-09-23 06:00:22,OP1010,LDR002,894,27.7,25.2,56,37.2,No,No
2026-09-23 06:00:22,OP1010,BDZ003,887,33.6,26.0,35,37.0,No,No
2026-09-23 06:00:22,OP1010,GRD004,783,37.1,25.4,65,37.1,No,No
2026-09-23 06:00:22,OP1002,DMP005,870,27.6,23.6,51,37.0,No,No
2026-09-23 06:00:22,OP1009,CMP006,742,32.2,22.9,44,36.9,No,No
2026-09-23 06:00:22,OP1007,EXC007,754,26.7,23.1,51,36.8,No,No
2026-09-23 06:00:22,OP1002,LDR008,795,26.2,25.6,35,37.2,Yes,Yes
2026-09-23 06:00:23,OP1010,EXC001,842,23.1,22.9,57,37.1,No,No
2026-09-23 06:00:23,OP1010,LDR002,886,27.5,25.1,54,37.2,No,No
2026-09-23 06:00:23,OP1010,BDZ003,893,33.6,25.9,35,37.1,No,No
2026-09-23 06:00:23,OP1010,GRD004,785,38.3,25.5,67,37.2,No,No
2026-09-23 06:00:23,OP1002,DMP005,873,28.8,23.6,51,37.0,No,No
2026-09-23 06:00:23,OP1009,CMP006,752,33.7,23.0,42,36.9,No,No
2026-09-23 06:00:23,OP1007,EXC007,758,28.0,23.0,52,36.8,No,No
2026-09-23 06:00:23,OP1002,LDR008,804,26.4,25.6,35,37.2,Yes,Yes
2026-09-23 06:00:24,OP1010,EXC001,853,24.4,23.0,59,37.1,No,No
2026-09-23 06:00:24,OP1010,LDR002,879,29.0,25.1,52,37.2,No,No
2026-09-23 06:00:24,OP1010,BDZ003,901,35.4,25.8,35,37.1,No,No
2026-09-23 06:00:24,OP1010,GRD004,778,38.2,25.4,66,37.2,No,No
2026-09-23 06:00:24,OP1002,DMP005,867,28.3,23.6,53,37.1,No,No
2026-09-23 06:00:24,OP1009,CMP006,759,35.3,23.1,44,36.9,No,No
2026-09-23 06:00:24,OP1007,EXC007,767,27.6,22.9,54,36.8,No,No
2026-09-23 06:00:24,OP1002,LDR008,797,27.2,25.5,36,37.2,Yes,Yes
2026-09-23 06:00:25,OP1010,EXC001,861,25.8,22.9,59,37.1,No,No
2026-09-23 06:00:25,OP1010,LDR002,821,28.9,25.1,50,37.2,Yes,Yes
2026-09-23 06:00:25,OP1010,BDZ003,908,34.6,25.7,35,37.2,No,No
2026-09-23 06:00:25,OP1010,GRD004,784,40.0,25.3,66,37.2,No,No
2026-09-23 06:00:25,OP1002,DMP005,864,28.9,23.5,51,37.2,No,No
2026-09-23 06:00:25,OP1009,CMP006,755,36.0,23.1,43,37.0,No,No
2026-09-23 06:00:25,OP1007,EXC007,774,29.3,22.9,54,36.8,No,No
2026-09-23 06:00:25,OP1002,LDR008,805,26.3,25.5,38,37.2,Yes,Yes
2026-09-23 06:00:26,OP1010,EXC001,856,25.2,22.9,61,37.2,No,No
2026-09-23 06:00:26,OP1010,LDR002,833,30.6,25.2,52,37.2,Yes,Yes
2026-09-23 06:00:26,OP1010,BDZ003,905,34.0,25.8,35,37.2,No,No
2026-09-23 06:00:26,OP1010,GRD004,792,39.4,25.3,67,37.2,No,No
2026-09-23 06:00:26,OP1002,DMP005,867,28.4,23.6,52,37.2,No,No
2026-09-23 06:00:26,OP1009,CMP006,750,36.6,23.1,43,37.0,No,No
2026-09-23 06:00:26,OP1007,EXC007,782,30.3,22.8,54,36.8,No,No
2026-09-23 06:00:26,OP1002,LDR008,815,27.9,25.6,38,37.2,Yes,Yes
2026-09-23 06:00:27,OP1010,EXC001,819,26.1,23.0,61,37.0,Yes,Yes
2026-09-23 06:00:27,OP1010,LDR002,843,31.3,25.1,53,37.2,Yes,Yes
2026-09-23 06:00:27,OP1010,BDZ003,897,35.1,25.8,37,37.2,No,No
2026-09-23 06:00:27,OP1010,GRD004,798,40.6,25.4,69,37.2,No,No
2026-09-23 06:00:27,OP1002,DMP005,868,29.2,23.6,51,37.2,No,No
2026-09-23 06:00:27,OP1009,CMP006,751,36.7,23.0,42,37.0,No,No
2026-09-23 06:00:27,OP1007,EXC007,774,31.4,22.9,53,36.9,No,No
2026-09-23 06:00:27,OP1002,LDR008,825,29.6,25.5,38,37.2,Yes,Yes
2026-09-23 06:00:28,OP1010,EXC001,831,27.7,23.1,62,37.0,Yes,Yes
2026-09-23 06:00:28,OP1010,LDR002,851,32.0,25.2,54,37.2,Yes,Yes
2026-09-23 06:00:28,OP1010,BDZ003,822,35.7,25.8,38,37.1,Yes,Yes
2026-09-23 06:00:28,OP1010,GRD004,802,42.0,25.4,68,37.2,No,No
2026-09-23 06:00:28,OP1002,DMP005,828,30.8,23.7,49,37.0,Yes,Yes
2026-09-23 06:00:28,OP1009,CMP006,755,38.6,23.0,44,37.0,No,No
2026-09-23 06:00:28,OP1007,EXC007,778,33.0,22.9,52,36.9,No,No
2026-09-23 06:00:28,OP1002,LDR008,818,31.2,25.6,40,37.2,Yes,Yes
2026-09-23 06:00:29,OP1010,EXC001,830,28.3,23.1,61,37.0,Yes,Yes
2026-09-23 06:00:29,OP1010,LDR002,858,32.8,25.1,52,37.2,Yes,Yes
2026-09-23 06:00:29,OP1010,BDZ003,829,35.1,25.9,37,37.2,Yes,Yes
2026-09-23 06:00:29,OP1010,GRD004,795,42.0,25.5,70,37.2,No,No
2026-09-23 06:00:29,OP1002,DMP005,827,31.5,23.6,51,37.1,Yes,Yes
2026-09-23 06:00:29,OP1009,CMP006,747,39.3,23.0,43,37.0,No,No
2026-09-23 06:00:29,OP1007,EXC007,781,35.0,22.8,51,36.9,No,No
2026-09-23 06:00:29,OP1002,LDR008,813,31.2,25.7,39,37.2,Yes,Yes
2026-09-23 06:00:30,OP1010,EXC001,824,27.7,23.1,59,37.0,Yes,Yes
2026-09-23 06:00:30,OP1010,LDR002,857,34.2,25.1,50,37.2,Yes,Yes
2026-09-23 06:00:30,OP1010,BDZ003,833,35.7,25.9,36,37.2,Yes,Yes
2026-09-23 06:00:30,OP1010,GRD004,800,42.4,25.6,70,37.2,No,No
2026-09-23 06:00:30,OP1002,DMP005,838,31.7,23.5,52,37.1,Yes,Yes
2026-09-23 06:00:30,OP1009,CMP006,739,38.4,23.0,45,37.1,No,No
2026-09-23 06:00:30,OP1007,EXC007,783,35.5,22.8,50,37.0,No,No
2026-09-23 06:00:30,OP1002,LDR008,807,32.8,25.7,37,37.2,Yes,Yes
2026-09-23 06:00:31,OP1010,EXC001,828,28.3,23.1,58,37.0,Yes,Yes
2026-09-23 06:00:31,OP1010,LDR002,862,35.9,25.1,51,37.2,Yes,Yes
2026-09-23 06:00:31,OP1010,BDZ003,837,36.6,26.0,38,37.2,Yes,Yes
2026-09-23 06:00:31,OP1010,GRD004,799,43.9,25.6,71,37.2,No,No
2026-09-23 06:00:31,OP1002,DMP005,844,31.5,23.5,50,37.1,Yes,Yes
2026-09-23 06:00:31,OP1009,CMP006,744,38.2,23.1,45,37.1,No,No
2026-09-23 06:00:31,OP1007,EXC007,786,36.3,22.8,51,37.0,No,No
2026-09-23 06:00:31,OP1002,LDR008,745,33.2,25.7,38,37.1,Yes,Yes
2026-09-23 06:00:32,OP1010,EXC001,840,28.2,23.2,59,37.0,Yes,Yes
2026-09-23 06:00:32,OP1010,LDR002,874,36.6,25.1,53,37.2,Yes,Yes
2026-09-23 06:00:32,OP1010,BDZ003,847,36.6,26.1,37,37.2,Yes,Yes
2026-09-23 06:00:32,OP1010,GRD004,798,43.9,25.6,71,37.2,No,No
2026-09-23 06:00:32,OP1002,DMP005,846,31.6,23.4,52,37.2,Yes,Yes
2026-09-23 06:00:32,OP1009,CMP006,756,40.1,23.2,44,37.2,No,No
2026-09-23 06:00:32,OP1007,EXC007,791,37.1,22.8,51,37.0,No,No
2026-09-23 06:00:32,OP1002,LDR008,740,35.1,25.7,38,37.1,Yes,Yes
2026-09-23 06:00:33,OP1010,EXC001,832,28.3,23.2,58,37.0,Yes,Yes
2026-09-23 06:00:33,OP1010,LDR002,876,37.3,25.1,54,37.2,Yes,Yes
2026-09-23 06:00:33,OP1010,BDZ003,811,38.3,26.1,36,37.2,Yes,Yes
2026-09-23 06:00:33,OP1010,GRD004,793,45.8,25.6,72,37.2,No,No
2026-09-23 06:00:33,OP1002,DMP005,844,32.5,23.4,52,37.2,Yes,Yes
2026-09-23 06:00:33,OP1009,CMP006,712,40.1,23.3,43,37.1,Yes,Yes
2026-09-23 06:00:33,OP1007,EXC007,788,37.0,22.9,53,37.0,No,No
2026-09-23 06:00:33,OP1002,LDR008,737,36.3,25.8,37,37.1,Yes,Yes
2026-09-23 06:00:34,OP1010,EXC001,840,27.5,23.1,58,37.0,Yes,Yes
2026-09-23 06:00:34,OP1010,LDR002,888,39.0,25.1,52,37.2,Yes,Yes
2026-09-23 06:00:34,OP1010,BDZ003,823,39.4,26.2,35,37.2,Yes,Yes
2026-09-23 06:00:34,OP1010,GRD004,804,47.5,25.5,74,37.2,No,No
2026-09-23 06:00:34,OP1002,DMP005,836,33.7,23.5,50,37.2,Yes,Yes
2026-09-23 06:00:34,OP1009,CMP006,704,39.2,23.4,42,37.1,Yes,Yes
2026-09-23 06:00:34,OP1007,EXC007,791,37.9,22.8,54,37.1,No,No
2026-09-23 06:00:34,OP1002,LDR008,737,37.7,25.9,36,37.1,Yes,Yes
2026-09-23 06:00:35,OP1010,EXC001,833,27.0,23.1,59,37.1,Yes,Yes
2026-09-23 06:00:35,OP1010,LDR002,893,39.1,25.1,54,37.2,Yes,Yes
2026-09-23 06:00:35,OP1010,BDZ003,768,38.4,26.3,35,37.0,Yes,Yes
2026-09-23 06:00:35,OP1010,GRD004,811,48.1,25.5,73,37.2,No,No
2026-09-23 06:00:35,OP1002,DMP005,830,34.3,23.5,49,37.2,Yes,Yes
2026-09-23 06:00:35,OP1009,CMP006,699,39.6,23.4,43,37.1,Yes,Yes
2026-09-23 06:00:35,OP1007,EXC007,793,39.8,22.8,53,37.1,No,No
2026-09-23 06:00:35,OP1002,LDR008,730,38.9,26.0,35,37.1,Yes,Yes
2026-09-23 06:00:36,OP1010,EXC001,836,26.6,23.2,57,37.1,Yes,Yes
2026-09-23 06:00:36,OP1010,LDR002,902,39.4,25.1,56,37.2,Yes,Yes
2026-09-23 06:00:36,OP1010,BDZ003,767,38.7,26.3,35,37.1,Yes,Yes
2026-09-23 06:00:36,OP1010,GRD004,771,47.1,25.6,74,37.1,Yes,Yes
2026-09-23 06:00:36,OP1002,DMP005,827,33.6,23.5,50,37.2,Yes,Yes
2026-09-23 06:00:36,OP1009,CMP006,708,41.5,23.4,43,37.1,Yes,Yes
2026-09-23 06:00:36,OP1007,EXC007,798,41.4,22.8,53,37.1,No,No
2026-09-23 06:00:36,OP1002,LDR008,735,40.6,26.1,35,37.1,Yes,Yes
2026-09-23 06:00:37,OP1010,EXC001,835,27.6,23.2,59,37.1,Yes,Yes
2026-09-23 06:00:37,OP1010,LDR002,902,39.7,25.1,54,37.2,Yes,Yes
2026-09-23 06:00:37,OP1010,BDZ003,761,38.9,26.4,36,37.1,Yes,Yes
2026-09-23 06:00:37,OP1010,GRD004,779,46.3,25.7,74,37.1,Yes,Yes
2026-09-23 06:00:37,OP1002,DMP005,837,33.9,23.6,48,37.2,Yes,Yes
2026-09-23 06:00:37,OP1009,CMP006,703,42.7,23.3,44,37.1,Yes,Yes
2026-09-23 06:00:37,OP1007,EXC007,794,42.7,22.7,54,37.2,No,No
2026-09-23 06:00:37,OP1002,LDR008,730,40.1,26.1,35,37.1,Yes,Yes
2026-09-23 06:00:38,OP1010,EXC001,836,28.6,23.3,57,37.1,Yes,Yes
2026-09-23 06:00:38,OP1010,LDR002,898,39.2,25.0,53,37.2,Yes,Yes
2026-09-23 06:00:38,OP1010,BDZ003,754,38.5,26.4,38,37.1,Yes,Yes
2026-09-23 06:00:38,OP1010,GRD004,784,48.3,25.8,75,37.1,Yes,Yes
2026-09-23 06:00:38,OP1002,DMP005,779,34.9,23.5,49,37.1,Yes,Yes
2026-09-23 06:00:38,OP1009,CMP006,711,43.3,23.3,46,37.1,Yes,Yes
2026-09-23 06:00:38,OP1007,EXC007,756,43.5,22.8,53,37.1,Yes,Yes
2026-09-23 06:00:38,OP1002,LDR008,739,39.6,26.1,35,37.2,Yes,Yes
2026-09-23 06:00:39,OP1010,EXC001,843,30.2,23.3,57,37.1,Yes,Yes
2026-09-23 06:00:39,OP1010,LDR002,901,39.0,25.0,54,37.2,Yes,Yes
2026-09-23 06:00:39,OP1010,BDZ003,765,39.9,26.5,40,37.1,Yes,Yes
2026-09-23 06:00:39,OP1010,GRD004,790,48.3,25.8,74,37.2,Yes,Yes
2026-09-23 06:00:39,OP1002,DMP005,783,36.4,23.6,50,37.1,Yes,Yes
2026-09-23 06:00:39,OP1009,CMP006,707,44.9,23.3,48,37.2,Yes,Yes
2026-09-23 06:00:39,OP1007,EXC007,748,43.3,22.8,52,37.1,Yes,Yes
2026-09-23 06:00:39,OP1002,LDR008,739,38.6,26.2,35,37.2,Yes,Yes
2026-09-23 06:00:40,OP1010,EXC001,851,31.9,23.4,59,37.1,Yes,Yes
2026-09-23 06:00:40,OP1010,LDR002,910,40.9,25.0,56,37.2,Yes,Yes
2026-09-23 06:00:40,OP1010,BDZ003,763,39.3,26.4,41,37.1,Yes,Yes
2026-09-23 06:00:40,OP1010,GRD004,749,47.4,25.8,74,37.0,Yes,Yes
2026-09-23 06:00:40,OP1002,DMP005,776,36.6,23.6,49,37.1,Yes,Yes
2026-09-23 06:00:40,OP1009,CMP006,670,45.2,23.3,50,37.1,Yes,Yes
2026-09-23 06:00:40,OP1007,EXC007,748,42.6,22.7,54,37.2,Yes,Yes
2026-09-23 06:00:40,OP1002,LDR008,750,38.0,26.2,35,37.2,Yes,Yes
2026-09-23 06:00:41,OP1010,EXC001,843,31.6,23.5,59,37.2,Yes,Yes
2026-09-23 06:00:41,OP1010,LDR002,909,40.6,25.0,58,37.2,Yes,Yes
2026-09-23 06:00:41,OP1010,BDZ003,767,39.0,26.5,43,37.1,Yes,Yes
2026-09-23 06:00:41,OP1010,GRD004,742,46.8,25.8,72,37.0,Yes,Yes
2026-09-23 06:00:41,OP1002,DMP005,774,35.6,23.7,49,37.1,Yes,Yes
2026-09-23 06:00:41,OP1009,CMP006,669,46.4,23.4,48,37.1,Yes,Yes
2026-09-23 06:00:41,OP1007,EXC007,673,42.2,22.8,52,37.2,Yes,Yes
2026-09-23 06:00:41,OP1002,LDR008,758,38.2,26.1,35,37.2,Yes,Yes
2026-09-23 06:00:42,OP1010,EXC001,851,31.6,23.6,59,37.2,Yes,Yes
2026-09-23 06:00:42,OP1010,LDR002,863,40.8,24.9,58,37.0,Yes,Yes
2026-09-23 06:00:42,OP1010,BDZ003,776,40.1,26.6,42,37.1,Yes,Yes
2026-09-23 06:00:42,OP1010,GRD004,740,46.4,25.7,73,37.0,Yes,Yes
2026-09-23 06:00:42,OP1002,DMP005,784,35.4,23.7,48,37.1,Yes,Yes
2026-09-23 06:00:42,OP1009,CMP006,672,47.7,23.4,50,37.1,Yes,Yes
2026-09-23 06:00:42,OP1007,EXC007,680,42.1,22.9,50,37.2,Yes,Yes
2026-09-23 06:00:42,OP1002,LDR008,758,37.5,26.2,35,37.2,Yes,Yes
2026-09-23 06:00:43,OP1010,EXC001,847,32.6,23.7,57,37.2,Yes,Yes
2026-09-23 06:00:43,OP1010,LDR002,871,39.9,24.9,59,37.0,Yes,Yes
2026-09-23 06:00:43,OP1010,BDZ003,783,41.9,26.7,43,37.1,Yes,Yes
2026-09-23 06:00:43,OP1010,GRD004,736,46.2,25.7,71,37.1,Yes,Yes
2026-09-23 06:00:43,OP1002,DMP005,778,37.0,23.7,47,37.1,Yes,Yes
2026-09-23 06:00:43,OP1009,CMP006,669,49.5,23.5,50,37.1,Yes,Yes
2026-09-23 06:00:43,OP1007,EXC007,645,43.7,23.0,51,37.1,Yes,Yes
2026-09-23 06:00:43,OP1002,LDR008,765,38.6,26.3,37,37.2,Yes,Yes
2026-09-23 06:00:44,OP1010,EXC001,849,34.6,23.8,55,37.2,Yes,Yes
2026-09-23 06:00:44,OP1010,LDR002,865,40.7,24.8,57,37.0,Yes,Yes
2026-09-23 06:00:44,OP1010,BDZ003,783,42.3,26.7,44,37.1,Yes,Yes
2026-09-23 06:00:44,OP1010,GRD004,736,47.5,25.7,73,37.1,Yes,Yes
2026-09-23 06:00:44,OP1002,DMP005,773,38.4,23.8,46,37.1,Yes,Yes
2026-09-23 06:00:44,OP1009,CMP006,667,50.6,23.6,49,37.1,Yes,Yes
2026-09-23 06:00:44,OP1007,EXC007,653,42.8,23.1,52,37.1,Yes,Yes
2026-09-23 06:00:44,OP1002,LDR008,763,38.5,26.3,36,37.2,Yes,Yes
2026-09-23 06:00:45,OP1010,EXC001,850,36.5,23.9,54,37.2,Yes,Yes
2026-09-23 06:00:45,OP1010,LDR002,864,41.6,24.9,59,37.0,Yes,Yes
2026-09-23 06:00:45,OP1010,BDZ003,785,41.9,26.7,43,37.1,Yes,Yes
2026-09-23 06:00:45,OP1010,GRD004,735,48.2,25.8,71,37.1,Yes,Yes
2026-09-23 06:00:45,OP1002,DMP005,768,38.2,23.9,48,37.1,Yes,Yes
2026-09-23 06:00:45,OP1009,CMP006,671,51.6,23.7,48,37.1,Yes,Yes
2026-09-23 06:00:45,OP1007,EXC007,652,42.7,23.1,50,37.1,Yes,Yes
2026-09-23 06:00:45,OP1002,LDR008,724,37.7,26.4,38,37.1,Yes,Yes
2026-09-23 06:00:46,OP1010,EXC001,853,36.4,23.9,56,37.2,Yes,Yes
2026-09-23 06:00:46,OP1010,LDR002,861,40.9,25.0,60,37.1,Yes,Yes
2026-09-23 06:00:46,OP1010,BDZ003,783,43.8,26.8,42,37.2,Yes,Yes
2026-09-23 06:00:46,OP1010,GRD004,745,48.0,25.8,72,37.2,Yes,Yes
2026-09-23 06:00:46,OP1002,DMP005,762,39.3,23.9,47,37.2,Yes,Yes
2026-09-23 06:00:46,OP1009,CMP006,683,53.5,23.6,46,37.2,Yes,Yes
2026-09-23 06:00:46,OP1007,EXC007,661,44.0,23.2,49,37.1,Yes,Yes
2026-09-23 06:00:46,OP1002,LDR008,718,36.8,26.5,36,37.1,Yes,Yes
2026-09-23 06:00:47,OP1010,EXC001,848,37.8,23.9,55,37.2,Yes,Yes
2026-09-23 06:00:47,OP1010,LDR002,859,40.9,25.0,58,37.1,Yes,Yes
2026-09-23 06:00:47,OP1010,BDZ003,791,43.7,26.7,44,37.2,Yes,Yes
2026-09-23 06:00:47,OP1010,GRD004,756,48.7,25.9,70,37.2,Yes,Yes
2026-09-23 06:00:47,OP1002,DMP005,766,38.6,24.0,47,37.2,Yes,Yes
2026-09-23 06:00:47,OP1009,CMP006,629,53.9,23.7,44,37.2,Yes,Yes
2026-09-23 06:00:47,OP1007,EXC007,659,45.1,23.3,48,37.1,Yes,Yes
2026-09-23 06:00:47,OP1002,LDR008,716,36.3,26.5,36,37.1,Yes,Yes
2026-09-23 06:00:48,OP1010,EXC001,842,38.2,23.9,57,37.2,Yes,Yes
2026-09-23 06:00:48,OP1010,LDR002,858,41.4,25.0,60,37.1,Yes,Yes
2026-09-23 06:00:48,OP1010,BDZ003,787,43.2,26.8,46,37.2,Yes,Yes
2026-09-23 06:00:48,OP1010,GRD004,753,50.5,26.0,70,37.2,Yes,Yes
2026-09-23 06:00:48,OP1002,DMP005,764,39.2,24.0,48,37.2,Yes,Yes
2026-09-23 06:00:48,OP1009,CMP006,600,54.6,23.8,44,37.1,Yes,Yes
2026-09-23 06:00:48,OP1007,EXC007,669,46.3,23.3,46,37.1,Yes,Yes
2026-09-23 06:00:48,OP1002,LDR008,726,36.0,26.4,35,37.1,Yes,Yes
2026-09-23 06:00:49,OP1010,EXC001,837,37.9,24.0,56,37.2,Yes,Yes
2026-09-23 06:00:49,OP1010,LDR002,862,43.1,25.1,58,37.1,Yes,Yes
2026-09-23 06:00:49,OP1010,BDZ003,745,43.4,26.7,46,37.2,Yes,Yes
2026-09-23 06:00:49,OP1010,GRD004,761,51.8,26.0,70,37.2,Yes,Yes
2026-09-23 06:00:49,OP1002,DMP005,697,39.5,24.1,46,37.2,Yes,Yes
2026-09-23 06:00:49,OP1009,CMP006,610,54.3,23.9,43,37.2,Yes,Yes
2026-09-23 06:00:49,OP1007,EXC007,673,45.3,23.4,47,37.1,Yes,Yes
2026-09-23 06:00:49,OP1002,LDR008,730,36.8,26.4,36,37.1,Yes,Yes
2026-09-23 06:00:50,OP1010,EXC001,831,37.3,23.9,55,37.2,Yes,Yes
2026-09-23 06:00:50,OP1010,LDR002,865,43.6,25.1,58,37.2,Yes,Yes
2026-09-23 06:00:50,OP1010,BDZ003,702,44.4,26.7,46,37.2,Yes,Yes
2026-09-23 06:00:50,OP1010,GRD004,764,52.4,26.1,70,37.2,Yes,Yes
2026-09-23 06:00:50,OP1002,DMP005,697,41.0,24.0,44,37.2,Yes,Yes
2026-09-23 06:00:50,OP1009,CMP006,616,53.7,23.9,44,37.2,Yes,Yes
2026-09-23 06:00:50,OP1007,EXC007,671,46.8,23.4,46,37.1,Yes,Yes
2026-09-23 06:00:50,OP1002,LDR008,727,37.0,26.4,38,37.1,Yes,Yes
2026-09-23 06:00:51,OP1010,EXC001,843,38.9,23.9,56,37.2,Yes,Yes
2026-09-23 06:00:51,OP1010,LDR002,865,44.6,25.0,58,37.2,Yes,Yes
2026-09-23 06:00:51,OP1010,BDZ003,643,43.6,26.7,45,37.2,Yes,Yes
2026-09-23 06:00:51,OP1010,GRD004,770,52.2,26.1,71,37.2,Yes,Yes
2026-09-23 06:00:51,OP1002,DMP005,637,40.3,24.0,44,37.1,Yes,Yes
2026-09-23 06:00:51,OP1009,CMP006,627,55.4,23.9,43,37.2,Yes,Yes
2026-09-23 06:00:51,OP1007,EXC007,679,48.8,23.3,44,37.1,Yes,Yes
2026-09-23 06:00:51,OP1002,LDR008,737,38.3,26.5,40,37.1,Yes,Yes
2026-09-23 06:00:52,OP1010,EXC001,776,40.2,24.0,58,37.0,Yes,Yes
2026-09-23 06:00:52,OP1010,LDR002,863,44.8,25.0,60,37.2,Yes,Yes
2026-09-23 06:00:52,OP1010,BDZ003,636,43.4,26.8,46,37.2,Yes,Yes
2026-09-23 06:00:52,OP1010,GRD004,768,54.1,26.2,73,37.2,Yes,Yes
2026-09-23 06:00:52,OP1002,DMP005,631,41.0,24.0,46,37.2,Yes,Yes
2026-09-23 06:00:52,OP1009,CMP006,626,54.5,24.0,41,37.2,Yes,Yes
2026-09-23 06:00:52,OP1007,EXC007,675,50.5,23.4,42,37.1,Yes,Yes
2026-09-23 06:00:52,OP1002,LDR008,735,39.7,26.4,42,37.1,Yes,Yes
2026-09-23 06:00:53,OP1010,EXC001,778,41.8,23.9,60,37.1,Yes,Yes
2026-09-23 06:00:53,OP1010,LDR002,857,46.1,25.1,58,37.2,Yes,Yes
2026-09-23 06:00:53,OP1010,BDZ003,635,45.0,26.9,45,37.2,Yes,Yes
2026-09-23 06:00:53,OP1010,GRD004,684,55.4,26.3,73,37.0,Yes,Yes
2026-09-23 06:00:53,OP1002,DMP005,628,40.9,23.9,45,37.2,Yes,Yes
2026-09-23 06:00:53,OP1009,CMP006,631,55.4,24.0,43,37.2,Yes,Yes
2026-09-23 06:00:53,OP1007,EXC007,683,50.7,23.5,41,37.1,Yes,Yes
2026-09-23 06:00:53,OP1002,LDR008,736,39.6,26.5,41,37.1,Yes,Yes
2026-09-23 06:00:54,OP1010,EXC001,787,40.8,23.9,58,37.1,Yes,Yes
2026-09-23 06:00:54,OP1010,LDR002,853,47.4,25.1,60,37.2,Yes,Yes
2026-09-23 06:00:54,OP1010,BDZ003,600,44.4,27.0,45,37.2,Yes,Yes
2026-09-23 06:00:54,OP1010,GRD004,682,56.7,26.3,75,37.0,Yes,Yes
2026-09-23 06:00:54,OP1002,DMP005,627,40.1,23.9,45,37.2,Yes,Yes
2026-09-23 06:00:54,OP1009,CMP006,637,56.8,24.1,43,37.2,Yes,Yes
2026-09-23 06:00:54,OP1007,EXC007,683,50.3,23.6,40,37.2,Yes,Yes
2026-09-23 06:00:54,OP1002,LDR008,740,39.4,26.4,40,37.1,Yes,Yes
2026-09-23 06:00:55,OP1010,EXC001,784,41.6,23.8,56,37.1,Yes,Yes
2026-09-23 06:00:55,OP1010,LDR002,865,49.0,25.1,58,37.2,Yes,Yes
2026-09-23 06:00:55,OP1010,BDZ003,604,45.8,27.1,47,37.2,Yes,Yes
2026-09-23 06:00:55,OP1010,GRD004,676,57.0,26.3,75,37.0,Yes,Yes
2026-09-23 06:00:55,OP1002,DMP005,634,41.4,23.9,46,37.2,Yes,Yes
2026-09-23 06:00:55,OP1009,CMP006,643,57.7,24.2,41,37.2,Yes,Yes
2026-09-23 06:00:55,OP1007,EXC007,681,50.4,23.6,42,37.2,Yes,Yes
2026-09-23 06:00:55,OP1002,LDR008,738,40.0,26.4,42,37.1,Yes,Yes
2026-09-23 06:00:56,OP1010,EXC001,786,43.1,23.7,55,37.2,Yes,Yes
2026-09-23 06:00:56,OP1010,LDR002,824,48.2,25.0,58,37.1,Yes,Yes
2026-09-23 06:00:56,OP1010,BDZ003,608,46.8,27.2,48,37.2,Yes,Yes
2026-09-23 06:00:56,OP1010,GRD004,679,56.6,26.3,74,37.1,Yes,Yes
2026-09-23 06:00:56,OP1002,DMP005,632,41.7,23.9,46,37.2,Yes,Yes
2026-09-23 06:00:56,OP1009,CMP006,649,58.5,24.2,40,37.2,Yes,Yes
2026-09-23 06:00:56,OP1007,EXC007,689,51.2,23.7,44,37.2,Yes,Yes
2026-09-23 06:00:56,OP1002,LDR008,737,40.1,26.4,43,37.2,Yes,Yes
2026-09-23 06:00:57,OP1010,EXC001,724,43.1,23.7,56,37.1,Yes,Yes
2026-09-23 06:00:57,OP1010,LDR002,819,47.8,25.1,60,37.2,Yes,Yes
2026-09-23 06:00:57,OP1010,BDZ003,612,45.9,27.3,49,37.2,Yes,Yes
2026-09-23 06:00:57,OP1010,GRD004,680,55.9,26.3,74,37.1,Yes,Yes
2026-09-23 06:00:57,OP1002,DMP005,624,41.8,24.0,48,37.2,Yes,Yes
2026-09-23 06:00:57,OP1009,CMP006,600,59.1,24.3,42,37.2,Yes,Yes
2026-09-23 06:00:57,OP1007,EXC007,696,51.3,23.8,43,37.2,Yes,Yes
2026-09-23 06:00:57,OP1002,LDR008,745,41.3,26.5,43,37.2,Yes,Yes
2026-09-23 06:00:58,OP1010,EXC001,724,42.5,23.8,58,37.1,Yes,Yes
2026-09-23 06:00:58,OP1010,LDR002,823,48.1,25.2,62,37.2,Yes,Yes
2026-09-23 06:00:58,OP1010,BDZ003,614,47.7,27.2,48,37.2,Yes,Yes
2026-09-23 06:00:58,OP1010,GRD004,672,57.7,26.4,72,37.1,Yes,Yes
2026-09-23 06:00:58,OP1002,DMP005,623,42.5,24.1,49,37.2,Yes,Yes
2026-09-23 06:00:58,OP1009,CMP006,606,59.2,24.3,40,37.2,Yes,Yes
2026-09-23 06:00:58,OP1007,EXC007,698,53.0,23.8,43,37.2,Yes,Yes
2026-09-23 06:00:58,OP1002,LDR008,753,40.8,26.6,43,37.2,Yes,Yes
2026-09-23 06:00:59,OP1010,EXC001,729,42.7,23.9,57,37.2,Yes,Yes
2026-09-23 06:00:59,OP1010,LDR002,832,48.3,25.3,64,37.2,Yes,Yes
2026-09-23 06:00:59,OP1010,BDZ003,608,46.9,27.2,48,37.2,Yes,Yes
2026-09-23 06:00:59,OP1010,GRD004,675,59.6,26.5,73,37.1,Yes,Yes
2026-09-23 06:00:59,OP1002,DMP005,616,43.0,24.1,48,37.2,Yes,Yes
2026-09-23 06:00:59,OP1009,CMP006,600,59.9,24.4,42,37.2,Yes,Yes
2026-09-23 06:00:59,OP1007,EXC007,709,54.8,23.8,43,37.2,Yes,Yes
2026-09-23 06:00:59,OP1002,LDR008,752,42.6,26.5,45,37.2,Yes,Yes
2026-09-23 06:01:00,OP1010,EXC001,672,41.9,23.8,55,37.2,Yes,Yes
2026-09-23 06:01:00,OP1010,LDR002,843,48.4,25.3,66,37.2,Yes,Yes
2026-09-23 06:01:00,OP1010,BDZ003,618,47.2,27.3,48,37.2,Yes,Yes
2026-09-23 06:01:00,OP1010,GRD004,672,59.4,26.5,73,37.1,Yes,Yes
2026-09-23 06:01:00,OP1002,DMP005,616,43.8,24.0,46,37.2,Yes,Yes
2026-09-23 06:01:00,OP1009,CMP006,603,59.4,24.5,43,37.2,Yes,Yes
2026-09-23 06:01:00,OP1007,EXC007,709,56.4,23.9,41,37.2,Yes,Yes
2026-09-23 06:01:00,OP1002,LDR008,761,42.2,26.4,45,37.2,Yes,Yes
2026-09-23 06:01:01,OP1010,EXC001,603,41.8,23.9,57,37.1,Yes,Yes
2026-09-23 06:01:01,OP1010,LDR002,844,48.4,25.4,66,37.2,Yes,Yes
2026-09-23 06:01:01,OP1010,BDZ003,610,48.4,27.4,50,37.2,Yes,Yes
2026-09-23 06:01:01,OP1010,GRD004,669,60.4,26.6,71,37.2,Yes,Yes
2026-09-23 06:01:01,OP1002,DMP005,615,44.2,24.0,46,37.2,Yes,Yes
2026-09-23 06:01:01,OP1009,CMP006,612,59.7,24.5,45,37.2,Yes,Yes
2026-09-23 06:01:01,OP1007,EXC007,705,58.1,23.9,39,37.2,Yes,Yes
2026-09-23 06:01:01,OP1002,LDR008,753,43.1,26.4,47,37.2,Yes,Yes
2026-09-23 06:01:02,OP1010,EXC001,602,42.6,23.9,55,37.1,Yes,Yes
2026-09-23 06:01:02,OP1010,LDR002,775,47.7,25.5,64,37.2,Yes,Yes
2026-09-23 06:01:02,OP1010,BDZ003,600,49.0,27.4,51,37.0,Yes,Yes
2026-09-23 06:01:02,OP1010,GRD004,600,61.2,26.6,69,37.1,Yes,Yes
2026-09-23 06:01:02,OP1002,DMP005,615,43.9,24.0,46,37.2,Yes,Yes
2026-09-23 06:01:02,OP1009,CMP006,610,60.8,24.6,43,37.2,Yes,Yes
2026-09-23 06:01:02,OP1007,EXC007,703,57.3,24.0,37,37.2,Yes,Yes
2026-09-23 06:01:02,OP1002,LDR008,701,42.9,26.5,49,37.0,Yes,Yes
2026-09-23 06:01:03,OP1010,EXC001,607,44.4,24.0,54,37.1,Yes,Yes
2026-09-23 06:01:03,OP1010,LDR002,786,49.7,25.4,65,37.2,Yes,Yes
2026-09-23 06:01:03,OP1010,BDZ003,593,48.1,27.3,50,37.0,Yes,Yes
2026-09-23 06:01:03,OP1010,GRD004,606,60.4,26.5,69,37.1,Yes,Yes
2026-09-23 06:01:03,OP1002,DMP005,625,44.6,24.1,44,37.2,Yes,Yes
2026-09-23 06:01:03,OP1009,CMP006,614,61.8,24.6,44,37.2,Yes,Yes
2026-09-23 06:01:03,OP1007,EXC007,705,58.7,23.9,37,37.2,Yes,Yes
2026-09-23 06:01:03,OP1002,LDR008,693,44.5,26.5,51,37.0,Yes,Yes
2026-09-23 06:01:04,OP1010,EXC001,618,44.8,23.9,53,37.1,Yes,Yes
2026-09-23 06:01:04,OP1010,LDR002,785,49.8,25.4,63,37.2,Yes,Yes
2026-09-23 06:01:04,OP1010,BDZ003,590,47.3,27.2,48,37.0,Yes,Yes
2026-09-23 06:01:04,OP1010,GRD004,599,61.9,26.5,71,37.1,Yes,Yes
2026-09-23 06:01:04,OP1002,DMP005,624,43.7,24.0,45,37.2,Yes,Yes
2026-09-23 06:01:04,OP1009,CMP006,611,60.9,24.7,46,37.2,Yes,Yes
2026-09-23 06:01:04,OP1007,EXC007,713,59.3,24.0,35,37.2,Yes,Yes
2026-09-23 06:01:04,OP1002,LDR008,698,43.8,26.5,53,37.0,Yes,Yes
2026-09-23 06:01:05,OP1010,EXC001,620,46.6,23.8,53,37.1,Yes,Yes
2026-09-23 06:01:05,OP1010,LDR002,779,49.5,25.4,61,37.2,Yes,Yes
2026-09-23 06:01:05,OP1010,BDZ003,602,46.7,27.1,46,37.0,Yes,Yes
2026-09-23 06:01:05,OP1010,GRD004,599,62.0,26.5,71,37.1,Yes,Yes
2026-09-23 06:01:05,OP1002,DMP005,600,43.6,24.1,43,37.1,Yes,Yes
2026-09-23 06:01:05,OP1009,CMP006,613,60.2,24.7,48,37.2,Yes,Yes
2026-09-23 06:01:05,OP1007,EXC007,706,60.0,24.0,37,37.2,Yes,Yes
2026-09-23 06:01:05,OP1002,LDR008,705,43.2,26.4,54,37.0,Yes,Yes
2026-09-23 06:01:06,OP1010,EXC001,621,48.1,23.8,51,37.1,Yes,Yes
2026-09-23 06:01:06,OP1010,LDR002,790,49.1,25.5,62,37.2,Yes,Yes
2026-09-23 06:01:06,OP1010,BDZ003,596,48.4,27.1,47,37.1,Yes,Yes
2026-09-23 06:01:06,OP1010,GRD004,598,62.9,26.6,69,37.2,Yes,Yes
2026-09-23 06:01:06,OP1002,DMP005,608,43.8,24.1,41,37.1,Yes,Yes
2026-09-23 06:01:06,OP1009,CMP006,623,61.7,24.7,49,37.2,Yes,Yes
2026-09-23 06:01:06,OP1007,EXC007,699,59.8,24.1,35,37.2,Yes,Yes
2026-09-23 06:01:06,OP1002,LDR008,714,44.6,26.3,56,37.0,Yes,Yes
2026-09-23 06:01:07,OP1010,EXC001,633,48.6,23.9,50,37.1,Yes,Yes
2026-09-23 06:01:07,OP1010,LDR002,792,48.4,25.6,61,37.2,Yes,Yes
2026-09-23 06:01:07,OP1010,BDZ003,607,48.6,27.1,48,37.1,Yes,Yes
2026-09-23 06:01:07,OP1010,GRD004,609,62.3,26.7,68,37.2,Yes,Yes
2026-09-23 06:01:07,OP1002,DMP005,612,45.4,24.2,41,37.1,Yes,Yes
2026-09-23 06:01:07,OP1009,CMP006,618,62.6,24.6,47,37.2,Yes,Yes
2026-09-23 06:01:07,OP1007,EXC007,699,61.5,24.1,36,37.2,Yes,Yes
2026-09-23 06:01:07,OP1002,LDR008,716,44.2,26.3,57,37.0,Yes,Yes
2026-09-23 06:01:08,OP1010,EXC001,637,49.2,24.0,48,37.1,Yes,Yes
2026-09-23 06:01:08,OP1010,LDR002,802,48.5,25.6,59,37.2,Yes,Yes
2026-09-23 06:01:08,OP1010,BDZ003,617,48.1,27.1,46,37.2,Yes,Yes
2026-09-23 06:01:08,OP1010,GRD004,609,63.5,26.7,70,37.2,Yes,Yes
2026-09-23 06:01:08,OP1002,DMP005,612,46.4,24.3,40,37.2,Yes,Yes
2026-09-23 06:01:08,OP1009,CMP006,625,61.7,24.6,49,37.2,Yes,Yes
2026-09-23 06:01:08,OP1007,EXC007,701,61.1,24.1,36,37.2,Yes,Yes
2026-09-23 06:01:08,OP1002,LDR008,716,45.1,26.4,59,37.1,Yes,Yes
2026-09-23 06:01:09,OP1010,EXC001,632,51.0,23.9,46,37.1,Yes,Yes
2026-09-23 06:01:09,OP1010,LDR002,794,48.4,25.6,61,37.2,Yes,Yes
2026-09-23 06:01:09,OP1010,BDZ003,600,50.1,27.1,48,37.2,Yes,Yes
2026-09-23 06:01:09,OP1010,GRD004,618,65.1,26.8,70,37.2,Yes,Yes
2026-09-23 06:01:09,OP1002,DMP005,616,46.5,24.3,38,37.2,Yes,Yes
2026-09-23 06:01:09,OP1009,CMP006,620,62.1,24.6,48,37.2,Yes,Yes
2026-09-23 06:01:09,OP1007,EXC007,713,61.5,24.1,35,37.2,Yes,Yes
2026-09-23 06:01:09,OP1002,LDR008,720,45.9,26.4,60,37.1,Yes,Yes
2026-09-23 06:01:10,OP1010,EXC001,630,51.1,23.8,45,37.2,Yes,Yes
2026-09-23 06:01:10,OP1010,LDR002,790,47.9,25.7,61,37.2,Yes,Yes
2026-09-23 06:01:10,OP1010,BDZ003,612,52.0,27.2,49,37.2,Yes,Yes
2026-09-23 06:01:10,OP1010,GRD004,628,64.3,26.7,70,37.2,Yes,Yes
2026-09-23 06:01:10,OP1002,DMP005,600,47.9,24.2,38,37.1,Yes,Yes
2026-09-23 06:01:10,OP1009,CMP006,616,62.9,24.5,50,37.2,Yes,Yes
2026-09-23 06:01:10,OP1007,EXC007,719,60.6,24.1,35,37.2,Yes,Yes
2026-09-23 06:01:10,OP1002,LDR008,731,47.0,26.4,61,37.1,Yes,Yes
2026-09-23 06:01:11,OP1010,EXC001,600,51.3,23.7,43,37.1,Yes,Yes
2026-09-23 06:01:11,OP1010,LDR002,714,49.3,25.8,61,37.0,Yes,Yes
2026-09-23 06:01:11,OP1010,BDZ003,600,52.9,27.2,50,37.1,Yes,Yes
2026-09-23 06:01:11,OP1010,GRD004,600,64.2,26.8,69,37.0,Yes,Yes
2026-09-23 06:01:11,OP1002,DMP005,593,49.7,24.1,39,37.2,Yes,Yes
2026-09-23 06:01:11,OP1009,CMP006,615,63.9,24.6,52,37.2,Yes,Yes
2026-09-23 06:01:11,OP1007,EXC007,731,62.4,24.2,37,37.2,Yes,Yes
2026-09-23 06:01:11,OP1002,LDR008,737,48.6,26.5,59,37.1,Yes,Yes
2026-09-23 06:01:12,OP1010,EXC001,602,52.6,23.7,42,37.2,Yes,Yes
2026-09-23 06:01:12,OP1010,LDR002,725,49.3,25.8,59,37.0,Yes,Yes
2026-09-23 06:01:12,OP1010,BDZ003,612,54.6,27.3,52,37.2,Yes,Yes
2026-09-23 06:01:12,OP1010,GRD004,612,63.5,26.7,67,37.0,Yes,Yes
2026-09-23 06:01:12,OP1002,DMP005,590,49.6,24.0,41,37.2,Yes,Yes
2026-09-23 06:01:12,OP1009,CMP006,620,65.7,24.7,53,37.2,Yes,Yes
2026-09-23 06:01:12,OP1007,EXC007,735,63.0,24.1,38,37.2,Yes,Yes
2026-09-23 06:01:12,OP1002,LDR008,742,49.5,26.4,59,37.1,Yes,Yes
2026-09-23 06:01:13,OP1010,EXC001,600,53.1,23.7,43,37.1,Yes,Yes
2026-09-23 06:01:13,OP1010,LDR002,730,49.2,25.7,59,37.0,Yes,Yes
2026-09-23 06:01:13,OP1010,BDZ003,613,54.6,27.4,53,37.2,Yes,Yes
2026-09-23 06:01:13,OP1010,GRD004,623,64.1,26.6,68,37.0,Yes,Yes
2026-09-23 06:01:13,OP1002,DMP005,583,49.8,24.1,43,37.2,Yes,Yes
2026-09-23 06:01:13,OP1009,CMP006,619,65.7,24.6,54,37.2,Yes,Yes
2026-09-23 06:01:13,OP1007,EXC007,728,62.5,24.2,36,37.2,Yes,Yes
2026-09-23 06:01:13,OP1002,LDR008,736,50.9,26.5,58,37.1,Yes,Yes
2026-09-23 06:01:14,OP1010,EXC001,595,54.4,23.8,44,37.1,Yes,Yes
2026-09-23 06:01:14,OP1010,LDR002,733,50.9,25.7,61,37.0,Yes,Yes
2026-09-23 06:01:14,OP1010,BDZ003,611,55.5,27.4,55,37.2,Yes,Yes
2026-09-23 06:01:14,OP1010,GRD004,618,63.1,26.6,69,37.0,Yes,Yes
2026-09-23 06:01:14,OP1002,DMP005,600,48.9,24.1,44,37.2,Yes,Yes
2026-09-23 06:01:14,OP1009,CMP006,627,67.7,24.7,53,37.2,Yes,Yes
2026-09-23 06:01:14,OP1007,EXC007,671,64.2,24.3,37,37.1,Yes,Yes
2026-09-23 06:01:14,OP1002,LDR008,736,50.2,26.6,59,37.2,Yes,Yes
2026-09-23 06:01:15,OP1010,EXC001,607,55.9,23.9,46,37.2,Yes,Yes
2026-09-23 06:01:15,OP1010,LDR002,743,52.8,25.8,61,37.0,Yes,Yes
2026-09-23 06:01:15,OP1010,BDZ003,608,54.9,27.3,54,37.2,Yes,Yes
2026-09-23 06:01:15,OP1010,GRD004,627,62.3,26.7,68,37.0,Yes,Yes
2026-09-23 06:01:15,OP1002,DMP005,599,49.4,24.2,46,37.2,Yes,Yes
2026-09-23 06:01:15,OP1009,CMP006,625,69.1,24.8,51,37.2,Yes,Yes
2026-09-23 06:01:15,OP1007,EXC007,683,64.5,24.3,35,37.1,Yes,Yes
2026-09-23 06:01:15,OP1002,LDR008,740,51.4,26.6,60,37.2,Yes,Yes
2026-09-23 06:01:16,OP1010,EXC001,608,55.8,23.8,45,37.2,Yes,Yes
2026-09-23 06:01:16,OP1010,LDR002,741,53.1,25.9,59,37.1,Yes,Yes
2026-09-23 06:01:16,OP1010,BDZ003,602,55.4,27.2,54,37.2,Yes,Yes
2026-09-23 06:01:16,OP1010,GRD004,623,63.6,26.6,68,37.1,Yes,Yes
2026-09-23 06:01:16,OP1002,DMP005,597,50.4,24.2,47,37.2,Yes,Yes
2026-09-23 06:01:16,OP1009,CMP006,631,70.6,24.7,50,37.2,Yes,Yes
2026-09-23 06:01:16,OP1007,EXC007,678,66.4,24.4,36,37.1,Yes,Yes
2026-09-23 06:01:16,OP1002,LDR008,732,51.7,26.5,62,37.2,Yes,Yes
2026-09-23 06:01:17,OP1010,EXC001,617,57.1,23.8,46,37.2,Yes,Yes
2026-09-23 06:01:17,OP1010,LDR002,740,54.7,25.9,60,37.2,Yes,Yes
2026-09-23 06:01:17,OP1010,BDZ003,606,56.8,27.2,55,37.2,Yes,Yes
2026-09-23 06:01:17,OP1010,GRD004,622,62.8,26.7,67,37.1,Yes,Yes
2026-09-23 06:01:17,OP1002,DMP005,600,51.0,24.2,45,37.2,Yes,Yes
2026-09-23 06:01:17,OP1009,CMP006,629,71.6,24.7,48,37.2,Yes,Yes
2026-09-23 06:01:17,OP1007,EXC007,686,67.1,24.3,38,37.2,Yes,Yes
2026-09-23 06:01:17,OP1002,LDR008,724,51.5,26.5,62,37.2,Yes,Yes
2026-09-23 06:01:18,OP1010,EXC001,619,58.3,23.8,48,37.2,Yes,Yes
2026-09-23 06:01:18,OP1010,LDR002,688,54.7,25.8,61,37.2,Yes,Yes
2026-09-23 06:01:18,OP1010,BDZ003,607,56.2,27.3,53,37.2,Yes,Yes
2026-09-23 06:01:18,OP1010,GRD004,625,61.9,26.8,69,37.1,Yes,Yes
2026-09-23 06:01:18,OP1002,DMP005,597,52.7,24.3,46,37.2,Yes,Yes
2026-09-23 06:01:18,OP1009,CMP006,631,71.0,24.8,48,37.2,Yes,Yes
2026-09-23 06:01:18,OP1007,EXC007,690,66.7,24.3,40,37.2,Yes,Yes
2026-09-23 06:01:18,OP1002,LDR008,721,52.3,26.6,62,37.2,Yes,Yes
2026-09-23 06:01:19,OP1010,EXC001,627,59.2,23.7,47,37.2,Yes,Yes
2026-09-23 06:01:19,OP1010,LDR002,692,54.4,25.9,61,37.2,Yes,Yes
2026-09-23 06:01:19,OP1010,BDZ003,616,57.2,27.3,55,37.2,Yes,Yes
2026-09-23 06:01:19,OP1010,GRD004,627,61.1,26.9,67,37.1,Yes,Yes
2026-09-23 06:01:19,OP1002,DMP005,609,54.0,24.2,44,37.2,Yes,Yes
2026-09-23 06:01:19,OP1009,CMP006,625,71.5,24.9,47,37.2,Yes,Yes
2026-09-23 06:01:19,OP1007,EXC007,688,67.9,24.2,38,37.2,Yes,Yes
2026-09-23 06:01:19,OP1002,LDR008,686,51.4,26.6,62,37.1,Yes,Yes
2026-09-23 06:01:20,OP1010,EXC001,638,59.6,23.6,47,37.2,Yes,Yes
2026-09-23 06:01:20,OP1010,LDR002,685,53.9,26.0,62,37.2,Yes,Yes
2026-09-23 06:01:20,OP1010,BDZ003,621,58.0,27.3,56,37.2,Yes,Yes
2026-09-23 06:01:20,OP1010,GRD004,634,63.0,26.9,69,37.1,Yes,Yes
2026-09-23 06:01:20,OP1002,DMP005,615,53.7,24.2,44,37.2,Yes,Yes
2026-09-23 06:01:20,OP1009,CMP006,625,72.1,24.9,49,37.2,Yes,Yes
2026-09-23 06:01:20,OP1007,EXC007,680,68.0,24.3,37,37.2,Yes,Yes
2026-09-23 06:01:20,OP1002,LDR008,678,53.0,26.7,63,37.1,Yes,Yes
2026-09-23 06:01:21,OP1010,EXC001,630,61.6,23.5,47,37.2,Yes,Yes
2026-09-23 06:01:21,OP1010,LDR002,682,55.8,25.9,61,37.2,Yes,Yes
2026-09-23 06:01:21,OP1010,BDZ003,600,58.2,27.2,55,37.1,Yes,Yes
2026-09-23 06:01:21,OP1010,GRD004,626,62.3,26.9,70,37.2,Yes,Yes
2026-09-23 06:01:21,OP1002,DMP005,617,53.9,24.3,42,37.2,Yes,Yes
2026-09-23 06:01:21,OP1009,CMP006,600,73.8,24.9,49,37.1,Yes,Yes
2026-09-23 06:01:21,OP1007,EXC007,680,68.0,24.3,39,37.2,Yes,Yes
2026-09-23 06:01:21,OP1002,LDR008,688,52.9,26.7,63,37.2,Yes,Yes
2026-09-23 06:01:22,OP1010,EXC001,640,62.3,23.6,47,37.2,Yes,Yes
2026-09-23 06:01:22,OP1010,LDR002,688,55.7,26.0,62,37.2,Yes,Yes
2026-09-23 06:01:22,OP1010,BDZ003,593,58.4,27.2,53,37.1,Yes,Yes
2026-09-23 06:01:22,OP1010,GRD004,619,61.6,26.8,68,37.2,Yes,Yes
2026-09-23 06:01:22,OP1002,DMP005,615,55.0,24.3,41,37.2,Yes,Yes
2026-09-23 06:01:22,OP1009,CMP006,595,75.4,25.0,49,37.1,Yes,Yes
2026-09-23 06:01:22,OP1007,EXC007,682,67.7,24.2,39,37.2,Yes,Yes
2026-09-23 06:01:22,OP1002,LDR008,604,54.6,26.8,63,37.1,Yes,Yes
2026-09-23 06:01:23,OP1010,EXC001,632,63.0,23.6,47,37.2,Yes,Yes
2026-09-23 06:01:23,OP1010,LDR002,684,54.8,26.1,63,37.2,Yes,Yes
2026-09-23 06:01:23,OP1010,BDZ003,596,57.5,27.2,52,37.1,Yes,Yes
2026-09-23 06:01:23,OP1010,GRD004,600,62.0,26.8,70,37.1,Yes,Yes
2026-09-23 06:01:23,OP1002,DMP005,600,57.0,24.3,42,37.1,Yes,Yes
2026-09-23 06:01:23,OP1009,CMP006,593,75.4,25.1,47,37.1,Yes,Yes
2026-09-23 06:01:23,OP1007,EXC007,619,69.0,24.2,41,37.2,Yes,Yes
2026-09-23 06:01:23,OP1002,LDR008,598,54.1,26.9,65,37.1,Yes,Yes
2026-09-23 06:01:24,OP1010,EXC001,629,63.9,23.6,49,37.2,Yes,Yes
2026-09-23 06:01:24,OP1010,LDR002,678,54.1,26.2,61,37.2,Yes,Yes
2026-09-23 06:01:24,OP1010,BDZ003,600,57.1,27.2,54,37.2,Yes,Yes
2026-09-23 06:01:24,OP1010,GRD004,607,61.9,26.7,70,37.1,Yes,Yes
2026-09-23 06:01:24,OP1002,DMP005,602,58.5,24.4,40,37.2,Yes,Yes
2026-09-23 06:01:24,OP1009,CMP006,597,74.6,25.2,49,37.2,Yes,Yes
2026-09-23 06:01:24,OP1007,EXC007,616,69.4,24.3,39,37.2,Yes,Yes
2026-09-23 06:01:24,OP1002,LDR008,600,55.6,26.8,63,37.2,Yes,Yes
2026-09-23 06:01:25,OP1010,EXC001,641,65.5,23.7,50,37.2,Yes,Yes
2026-09-23 06:01:25,OP1010,LDR002,653,55.0,26.2,63,37.2,Yes,Yes
2026-09-23 06:01:25,OP1010,BDZ003,606,58.1,27.1,56,37.2,Yes,Yes
2026-09-23 06:01:25,OP1010,GRD004,607,61.2,26.8,71,37.1,Yes,Yes
2026-09-23 06:01:25,OP1002,DMP005,614,59.6,24.3,38,37.2,Yes,Yes
2026-09-23 06:01:25,OP1009,CMP006,590,75.5,25.2,50,37.2,Yes,Yes
2026-09-23 06:01:25,OP1007,EXC007,623,70.0,24.2,39,37.2,Yes,Yes
2026-09-23 06:01:25,OP1002,LDR008,602,56.2,26.9,62,37.2,Yes,Yes
2026-09-23 06:01:26,OP1010,EXC001,600,66.7,23.8,52,37.1,Yes,Yes
2026-09-23 06:01:26,OP1010,LDR002,662,56.9,26.2,65,37.2,Yes,Yes
2026-09-23 06:01:26,OP1010,BDZ003,602,57.7,27.1,56,37.2,Yes,Yes
2026-09-23 06:01:26,OP1010,GRD004,604,61.6,26.9,69,37.1,Yes,Yes
2026-09-23 06:01:26,OP1002,DMP005,607,60.9,24.4,39,37.2,Yes,Yes
2026-09-23 06:01:26,OP1009,CMP006,599,76.4,25.3,49,37.2,Yes,Yes
2026-09-23 06:01:26,OP1007,EXC007,600,70.8,24.2,40,37.2,Yes,Yes
2026-09-23 06:01:26,OP1002,LDR008,609,57.8,26.8,63,37.2,Yes,Yes
2026-09-23 06:01:27,OP1010,EXC001,606,67.3,23.8,51,37.1,Yes,Yes
2026-09-23 06:01:27,OP1010,LDR002,669,56.5,26.3,64,37.2,Yes,Yes
2026-09-23 06:01:27,OP1010,BDZ003,605,57.8,27.2,55,37.2,Yes,Yes
2026-09-23 06:01:27,OP1010,GRD004,596,60.8,26.9,70,37.1,Yes,Yes
2026-09-23 06:01:27,OP1002,DMP005,601,60.0,24.4,40,37.2,Yes,Yes
2026-09-23 06:01:27,OP1009,CMP006,600,76.7,25.4,49,37.1,Yes,Yes
2026-09-23 06:01:27,OP1007,EXC007,598,70.4,24.3,40,37.2,Yes,Yes
2026-09-23 06:01:27,OP1002,LDR008,610,59.1,26.9,64,37.2,Yes,Yes
2026-09-23 06:01:28,OP1010,EXC001,609,67.0,23.9,53,37.1,Yes,Yes
2026-09-23 06:01:28,OP1010,LDR002,663,56.8,26.3,64,37.2,Yes,Yes
2026-09-23 06:01:28,OP1010,BDZ003,600,58.8,27.1,56,37.2,Yes,Yes
2026-09-23 06:01:28,OP1010,GRD004,592,62.4,27.0,70,37.2,Yes,Yes
2026-09-23 06:01:28,OP1002,DMP005,605,60.2,24.5,38,37.2,Yes,Yes
2026-09-23 06:01:28,OP1009,CMP006,607,78.2,25.4,48,37.1,Yes,Yes
2026-09-23 06:01:28,OP1007,EXC007,604,71.2,24.4,41,37.2,Yes,Yes
2026-09-23 06:01:28,OP1002,LDR008,609,60.4,26.9,63,37.2,Yes,Yes
2026-09-23 06:01:29,OP1010,EXC001,611,68.7,23.9,55,37.1,Yes,Yes
2026-09-23 06:01:29,OP1010,LDR002,600,58.8,26.3,63,37.0,Yes,Yes
2026-09-23 06:01:29,OP1010,BDZ003,605,59.6,27.2,56,37.2,Yes,Yes
2026-09-23 06:01:29,OP1010,GRD004,588,61.4,26.9,71,37.2,Yes,Yes
2026-09-23 06:01:29,OP1002,DMP005,602,60.6,24.6,36,37.2,Yes,Yes
2026-09-23 06:01:29,OP1009,CMP006,612,79.6,25.4,48,37.1,Yes,Yes
2026-09-23 06:01:29,OP1007,EXC007,616,72.6,24.4,41,37.2,Yes,Yes
2026-09-23 06:01:29,OP1002,LDR008,600,60.0,27.0,64,37.1,Yes,Yes
2026-09-23 06:01:30,OP1010,EXC001,621,70.6,24.0,54,37.1,Yes,Yes
2026-09-23 06:01:30,OP1010,LDR002,597,60.0,26.3,62,37.0,Yes,Yes
2026-09-23 06:01:30,OP1010,BDZ003,613,60.9,27.2,58,37.2,Yes,Yes
2026-09-23 06:01:30,OP1010,GRD004,590,62.7,27.0,71,37.2,Yes,Yes
2026-09-23 06:01:30,OP1002,DMP005,612,62.1,24.7,38,37.2,Yes,Yes
2026-09-23 06:01:30,OP1009,CMP006,606,79.6,25.5,50,37.1,Yes,Yes
2026-09-23 06:01:30,OP1007,EXC007,609,72.7,24.3,43,37.2,Yes,Yes
2026-09-23 06:01:30,OP1002,LDR008,592,61.6,26.9,62,37.1,Yes,Yes
2026-09-23 06:01:31,OP1010,EXC001,619,70.5,24.1,53,37.1,Yes,Yes
2026-09-23 06:01:31,OP1010,LDR002,594,61.2,26.3,61,37.0,Yes,Yes
2026-09-23 06:01:31,OP1010,BDZ003,624,61.9,27.3,59,37.2,Yes,Yes
2026-09-23 06:01:31,OP1010,GRD004,600,63.5,27.1,69,37.1,Yes,Yes
2026-09-23 06:01:31,OP1002,DMP005,606,63.9,24.7,40,37.2,Yes,Yes
2026-09-23 06:01:31,OP1009,CMP006,604,81.2,25.5,49,37.1,Yes,Yes
2026-09-23 06:01:31,OP1007,EXC007,610,74.1,24.4,41,37.2,Yes,Yes
2026-09-23 06:01:31,OP1002,LDR008,588,61.6,26.9,64,37.1,Yes,Yes
2026-09-23 06:01:32,OP1010,EXC001,615,71.2,24.1,55,37.2,Yes,Yes
2026-09-23 06:01:32,OP1010,LDR002,601,62.4,26.3,63,37.0,Yes,Yes
2026-09-23 06:01:32,OP1010,BDZ003,623,63.5,27.3,59,37.2,Yes,Yes
2026-09-23 06:01:32,OP1010,GRD004,606,63.6,27.1,68,37.2,Yes,Yes
2026-09-23 06:01:32,OP1002,DMP005,613,65.8,24.6,40,37.2,Yes,Yes
2026-09-23 06:01:32,OP1009,CMP006,607,82.3,25.5,50,37.1,Yes,Yes
2026-09-23 06:01:32,OP1007,EXC007,600,74.7,24.5,39,37.0,Yes,Yes
2026-09-23 06:01:32,OP1002,LDR008,599,62.5,26.8,64,37.1,Yes,Yes
2026-09-23 06:01:33,OP1010,EXC001,608,71.6,24.2,57,37.2,Yes,Yes
2026-09-23 06:01:33,OP1010,LDR002,610,62.5,26.3,62,37.0,Yes,Yes
2026-09-23 06:01:33,OP1010,BDZ003,624,64.9,27.3,59,37.2,Yes,Yes
2026-09-23 06:01:33,OP1010,GRD004,598,63.5,27.0,68,37.2,Yes,Yes
2026-09-23 06:01:33,OP1002,DMP005,600,66.2,24.6,38,37.1,Yes,Yes
2026-09-23 06:01:33,OP1009,CMP006,604,83.3,25.6,49,37.1,Yes,Yes
2026-09-23 06:01:33,OP1007,EXC007,596,76.0,24.6,40,37.1,Yes,Yes
2026-09-23 06:01:33,OP1002,LDR008,607,62.9,26.7,65,37.2,Yes,Yes
2026-09-23 06:01:34,OP1010,EXC001,612,73.5,24.2,58,37.2,Yes,Yes
2026-09-23 06:01:34,OP1010,LDR002,610,61.9,26.2,61,37.1,Yes,Yes
2026-09-23 06:01:34,OP1010,BDZ003,625,65.7,27.3,61,37.2,Yes,Yes
2026-09-23 06:01:34,OP1010,GRD004,600,64.5,27.0,66,37.0,Yes,Yes
2026-09-23 06:01:34,OP1002,DMP005,601,66.1,24.5,40,37.1,Yes,Yes
2026-09-23 06:01:34,OP1009,CMP006,603,84.6,25.6,51,37.1,Yes,Yes
2026-09-23 06:01:34,OP1007,EXC007,595,77.9,24.7,39,37.1,Yes,Yes
2026-09-23 06:01:34,OP1002,LDR008,615,63.1,26.7,64,37.2,Yes,Yes
2026-09-23 06:01:35,OP1010,EXC001,604,73.4,24.1,57,37.2,Yes,Yes
2026-09-23 06:01:35,OP1010,LDR002,619,63.5,26.2,61,37.1,Yes,Yes
2026-09-23 06:01:35,OP1010,BDZ003,636,65.5,27.4,61,37.2,Yes,Yes
2026-09-23 06:01:35,OP1010,GRD004,609,64.3,27.1,65,37.0,Yes,Yes
2026-09-23 06:01:35,OP1002,DMP005,593,67.2,24.6,42,37.1,Yes,Yes
2026-09-23 06:01:35,OP1009,CMP006,601,84.6,25.5,49,37.1,Yes,Yes
2026-09-23 06:01:35,OP1007,EXC007,602,77.3,24.8,37,37.1,Yes,Yes
2026-09-23 06:01:35,OP1002,LDR008,620,62.7,26.8,65,37.2,Yes,Yes
2026-09-23 06:01:36,OP1010,EXC001,603,75.1,24.1,59,37.2,Yes,Yes
2026-09-23 06:01:36,OP1010,LDR002,622,62.6,26.3,61,37.2,Yes,Yes
2026-09-23 06:01:36,OP1010,BDZ003,642,67.1,27.4,61,37.2,Yes,Yes
2026-09-23 06:01:36,OP1010,GRD004,612,64.4,27.1,67,37.1,Yes,Yes
2026-09-23 06:01:36,OP1002,DMP005,592,69.1,24.5,41,37.2,Yes,Yes
2026-09-23 06:01:36,OP1009,CMP006,604,86.6,25.6,48,37.2,Yes,Yes
2026-09-23 06:01:36,OP1007,EXC007,610,78.3,24.8,38,37.1,Yes,Yes
2026-09-23 06:01:36,OP1002,LDR008,621,62.5,26.8,67,37.2,Yes,Yes
2026-09-23 06:01:37,OP1010,EXC001,615,76.1,24.2,58,37.2,Yes,Yes
2026-09-23 06:01:37,OP1010,LDR002,627,63.6,26.4,61,37.2,Yes,Yes
2026-09-23 06:01:37,OP1010,BDZ003,642,66.6,27.5,63,37.2,Yes,Yes
2026-09-23 06:01:37,OP1010,GRD004,616,65.4,27.0,69,37.1,Yes,Yes
2026-09-23 06:01:37,OP1002,DMP005,593,68.4,24.6,39,37.2,Yes,Yes
2026-09-23 06:01:37,OP1009,CMP006,603,88.2,25.6,49,37.2,Yes,Yes
2026-09-23 06:01:37,OP1007,EXC007,614,77.3,24.9,36,37.1,Yes,Yes
2026-09-23 06:01:37,OP1002,LDR008,600,62.2,26.8,66,37.2,Yes,Yes
2026-09-23 06:01:38,OP1010,EXC001,624,77.6,24.3,58,37.2,Yes,Yes
2026-09-23 06:01:38,OP1010,LDR002,629,62.9,26.5,59,37.2,Yes,Yes
2026-09-23 06:01:38,OP1010,BDZ003,641,66.0,27.5,64,37.2,Yes,Yes
2026-09-23 06:01:38,OP1010,GRD004,618,64.9,27.0,67,37.2,Yes,Yes
2026-09-23 06:01:38,OP1002,DMP005,600,68.7,24.7,40,37.1,Yes,Yes
2026-09-23 06:01:38,OP1009,CMP006,606,88.8,25.6,49,37.2,Yes,Yes
2026-09-23 06:01:38,OP1007,EXC007,608,78.4,24.8,35,37.1,Yes,Yes
2026-09-23 06:01:38,OP1002,LDR008,596,61.5,26.8,67,37.2,Yes,Yes
2026-09-23 06:01:39,OP1010,EXC001,600,79.5,24.4,56,37.1,Yes,Yes
2026-09-23 06:01:39,OP1010,LDR002,627,62.8,26.6,60,37.2,Yes,Yes
2026-09-23 06:01:39,OP1010,BDZ003,648,67.0,27.5,66,37.2,Yes,Yes
2026-09-23 06:01:39,OP1010,GRD004,623,66.1,27.0,67,37.2,Yes,Yes
2026-09-23 06:01:39,OP1002,DMP005,594,68.3,24.8,41,37.1,Yes,Yes
2026-09-23 06:01:39,OP1009,CMP006,616,90.5,25.6,50,37.2,Yes,Yes
2026-09-23 06:01:39,OP1007,EXC007,608,78.9,24.8,35,37.1,Yes,Yes
2026-09-23 06:01:39,OP1002,LDR008,589,63.2,26.8,65,37.2,Yes,Yes
2026-09-23 06:01:40,OP1010,EXC001,605,79.7,24.4,55,37.1,Yes,Yes
2026-09-23 06:01:40,OP1010,LDR002,636,63.8,26.7,61,37.2,Yes,Yes
2026-09-23 06:01:40,OP1010,BDZ003,657,68.6,27.6,68,37.2,Yes,Yes
2026-09-23 06:01:40,OP1010,GRD004,600,66.4,27.0,69,37.1,Yes,Yes
2026-09-23 06:01:40,OP1002,DMP005,597,70.2,24.9,40,37.1,Yes,Yes
2026-09-23 06:01:40,OP1009,CMP006,617,91.6,25.6,51,37.2,Yes,Yes
2026-09-23 06:01:40,OP1007,EXC007,601,80.9,24.9,36,37.1,Yes,Yes
2026-09-23 06:01:40,OP1002,LDR008,590,64.9,26.8,66,37.2,Yes,Yes
2026-09-23 06:01:41,OP1010,EXC001,608,79.0,24.3,55,37.1,Yes,Yes
2026-09-23 06:01:41,OP1010,LDR002,647,64.1,26.8,62,37.2,Yes,Yes
2026-09-23 06:01:41,OP1010,BDZ003,657,70.6,27.5,66,37.2,Yes,Yes
2026-09-23 06:01:41,OP1010,GRD004,596,68.1,27.0,67,37.1,Yes,Yes
2026-09-23 06:01:41,OP1002,DMP005,597,71.2,25.0,40,37.1,Yes,Yes
2026-09-23 06:01:41,OP1009,CMP006,621,91.7,25.5,53,37.2,Yes,Yes
2026-09-23 06:01:41,OP1007,EXC007,596,82.7,25.0,37,37.1,Yes,Yes
2026-09-23 06:01:41,OP1002,LDR008,587,64.6,26.9,67,37.2,Yes,Yes
2026-09-23 06:01:42,OP1010,EXC001,617,79.9,24.3,56,37.1,Yes,Yes
2026-09-23 06:01:42,OP1010,LDR002,651,65.0,26.8,62,37.2,Yes,Yes
2026-09-23 06:01:42,OP1010,BDZ003,667,69.9,27.4,65,37.2,Yes,Yes
2026-09-23 06:01:42,OP1010,GRD004,604,67.2,27.0,67,37.1,Yes,Yes
2026-09-23 06:01:42,OP1002,DMP005,596,71.6,25.1,38,37.2,Yes,Yes
2026-09-23 06:01:42,OP1009,CMP006,622,91.5,25.6,54,37.2,Yes,Yes
2026-09-23 06:01:42,OP1007,EXC007,606,82.8,25.0,38,37.1,Yes,Yes
2026-09-23 06:01:42,OP1002,LDR008,591,65.1,26.9,65,37.2,Yes,Yes
2026-09-23 06:01:43,OP1010,EXC001,615,79.2,24.3,57,37.1,Yes,Yes
2026-09-23 06:01:43,OP1010,LDR002,648,65.6,26.7,64,37.2,Yes,Yes
2026-09-23 06:01:43,OP1010,BDZ003,674,71.6,27.4,65,37.2,Yes,Yes
2026-09-23 06:01:43,OP1010,GRD004,603,69.1,27.1,65,37.1,Yes,Yes
2026-09-23 06:01:43,OP1002,DMP005,605,71.8,25.1,36,37.2,Yes,Yes
2026-09-23 06:01:43,OP1009,CMP006,633,91.5,25.5,52,37.2,Yes,Yes
2026-09-23 06:01:43,OP1007,EXC007,617,84.1,25.1,39,37.1,Yes,Yes
2026-09-23 06:01:43,OP1002,LDR008,600,64.9,27.0,66,37.0,Yes,Yes
2026-09-23 06:01:44,OP1010,EXC001,611,79.9,24.4,57,37.1,Yes,Yes
2026-09-23 06:01:44,OP1010,LDR002,600,66.7,26.8,64,37.1,Yes,Yes
2026-09-23 06:01:44,OP1010,BDZ003,682,71.7,27.4,66,37.2,Yes,Yes
2026-09-23 06:01:44,OP1010,GRD004,598,70.6,27.1,67,37.1,Yes,Yes
2026-09-23 06:01:44,OP1002,DMP005,600,72.8,25.1,35,37.0,Yes,Yes
2026-09-23 06:01:44,OP1009,CMP006,600,91.7,25.4,50,37.2,Yes,Yes
2026-09-23 06:01:44,OP1007,EXC007,622,84.7,25.2,40,37.1,Yes,Yes
2026-09-23 06:01:44,OP1002,LDR008,603,66.7,27.1,65,37.0,Yes,Yes
2026-09-23 06:01:45,OP1010,EXC001,606,80.1,24.3,57,37.1,Yes,Yes
2026-09-23 06:01:45,OP1010,LDR002,594,68.2,26.8,63,37.1,Yes,Yes
2026-09-23 06:01:45,OP1010,BDZ003,659,70.8,27.3,65,37.2,Yes,Yes
2026-09-23 06:01:45,OP1010,GRD004,594,70.8,27.1,65,37.1,Yes,Yes
2026-09-23 06:01:45,OP1002,DMP005,608,72.1,25.2,35,37.0,Yes,Yes
2026-09-23 06:01:45,OP1009,CMP006,600,93.2,25.3,50,37.1,Yes,Yes
2026-09-23 06:01:45,OP1007,EXC007,621,83.8,25.3,38,37.1,Yes,Yes
2026-09-23 06:01:45,OP1002,LDR008,611,68.2,27.0,65,37.0,Yes,Yes
2026-09-23 06:01:46,OP1010,EXC001,602,81.6,24.4,57,37.1,Yes,Yes
2026-09-23 06:01:46,OP1010,LDR002,594,68.4,26.9,61,37.1,Yes,Yes
2026-09-23 06:01:46,OP1010,BDZ003,659,72.6,27.4,66,37.2,Yes,Yes
2026-09-23 06:01:46,OP1010,GRD004,602,71.0,27.2,64,37.2,Yes,Yes
2026-09-23 06:01:46,OP1002,DMP005,620,73.9,25.3,37,37.1,Yes,Yes
2026-09-23 06:01:46,OP1009,CMP006,593,92.8,25.3,52,37.1,Yes,Yes
2026-09-23 06:01:46,OP1007,EXC007,624,85.6,25.4,38,37.1,Yes,Yes
2026-09-23 06:01:46,OP1002,LDR008,617,70.1,27.1,63,37.0,Yes,Yes
2026-09-23 06:01:47,OP1010,EXC001,602,83.1,24.3,55,37.1,Yes,Yes
2026-09-23 06:01:47,OP1010,LDR002,593,68.2,26.9,60,37.1,Yes,Yes
2026-09-23 06:01:47,OP1010,BDZ003,655,74.1,27.4,64,37.2,Yes,Yes
2026-09-23 06:01:47,OP1010,GRD004,614,72.9,27.1,64,37.2,Yes,Yes
2026-09-23 06:01:47,OP1002,DMP005,616,73.9,25.4,35,37.2,Yes,Yes
2026-09-23 06:01:47,OP1009,CMP006,600,93.6,25.3,51,37.2,Yes,Yes
2026-09-23 06:01:47,OP1007,EXC007,628,86.5,25.4,39,37.1,Yes,Yes
2026-09-23 06:01:47,OP1002,LDR008,616,70.5,27.1,65,37.0,Yes,Yes
2026-09-23 06:01:48,OP1010,EXC001,599,84.1,24.3,53,37.1,Yes,Yes
2026-09-23 06:01:48,OP1010,LDR002,592,67.2,26.9,60,37.1,Yes,Yes
2026-09-23 06:01:48,OP1010,BDZ003,614,73.5,27.5,62,37.2,Yes,Yes
2026-09-23 06:01:48,OP1010,GRD004,614,73.2,27.1,64,37.2,Yes,Yes
2026-09-23 06:01:48,OP1002,DMP005,600,74.3,25.5,35,37.0,Yes,Yes
2026-09-23 06:01:48,OP1009,CMP006,596,95.5,25.3,50,37.2,Yes,Yes
2026-09-23 06:01:48,OP1007,EXC007,625,87.8,25.3,37,37.1,Yes,Yes
2026-09-23 06:01:48,OP1002,LDR008,608,70.8,27.0,66,37.0,Yes,Yes
2026-09-23 06:01:49,OP1010,EXC001,607,83.3,24.3,54,37.1,Yes,Yes
2026-09-23 06:01:49,OP1010,LDR002,604,67.5,26.9,61,37.1,Yes,Yes
2026-09-23 06:01:49,OP1010,BDZ003,620,74.1,27.5,62,37.2,Yes,Yes
2026-09-23 06:01:49,OP1010,GRD004,607,75.1,27.0,66,37.2,Yes,Yes
2026-09-23 06:01:49,OP1002,DMP005,605,73.9,25.4,35,37.0,Yes,Yes
2026-09-23 06:01:49,OP1009,CMP006,600,97.4,25.3,50,37.2,Yes,Yes
2026-09-23 06:01:49,OP1007,EXC007,624,86.9,25.4,38,37.2,Yes,Yes
2026-09-23 06:01:49,OP1002,LDR008,611,70.4,27.0,66,37.0,Yes,Yes
2026-09-23 06:01:50,OP1010,EXC001,600,83.8,24.4,55,37.1,Yes,Yes
2026-09-23 06:01:50,OP1010,LDR002,612,67.5,27.0,62,37.1,Yes,Yes
2026-09-23 06:01:50,OP1010,BDZ003,631,75.0,27.5,62,37.2,Yes,Yes
2026-09-23 06:01:50,OP1010,GRD004,612,76.2,27.0,65,37.2,Yes,Yes
2026-09-23 06:01:50,OP1002,DMP005,613,74.3,25.3,35,37.0,Yes,Yes
2026-09-23 06:01:50,OP1009,CMP006,612,96.7,25.4,49,37.2,Yes,Yes
2026-09-23 06:01:50,OP1007,EXC007,625,88.2,25.4,36,37.2,Yes,Yes
2026-09-23 06:01:50,OP1002,LDR008,605,71.4,27.1,65,37.0,Yes,Yes
2026-09-23 06:01:51,OP1010,EXC001,594,83.8,24.3,57,37.1,Yes,Yes
2026-09-23 06:01:51,OP1010,LDR002,609,67.3,27.0,62,37.1,Yes,Yes
2026-09-23 06:01:51,OP1010,BDZ003,603,76.9,27.5,63,37.0,Yes,Yes
2026-09-23 06:01:51,OP1010,GRD004,604,77.4,27.1,64,37.2,Yes,Yes
2026-09-23 06:01:51,OP1002,DMP005,617,75.0,25.2,36,37.0,Yes,Yes
2026-09-23 06:01:51,OP1009,CMP006,610,97.5,25.4,47,37.2,Yes,Yes
2026-09-23 06:01:51,OP1007,EXC007,627,87.4,25.5,35,37.2,Yes,Yes
2026-09-23 06:01:51,OP1002,LDR008,603,72.3,27.1,63,37.0,Yes,Yes
2026-09-23 06:01:52,OP1010,EXC001,586,83.0,24.2,59,37.1,Yes,Yes
2026-09-23 06:01:52,OP1010,LDR002,614,68.9,27.0,64,37.1,Yes,Yes
2026-09-23 06:01:52,OP1010,BDZ003,614,77.6,27.4,63,37.0,Yes,Yes
2026-09-23 06:01:52,OP1010,GRD004,611,77.5,27.2,62,37.2,Yes,Yes
2026-09-23 06:01:52,OP1002,DMP005,629,76.5,25.2,36,37.1,Yes,Yes
2026-09-23 06:01:52,OP1009,CMP006,600,96.5,25.4,45,37.1,Yes,Yes
2026-09-23 06:01:52,OP1007,EXC007,629,86.6,25.6,35,37.2,Yes,Yes
2026-09-23 06:01:52,OP1002,LDR008,596,73.7,27.1,61,37.0,Yes,Yes
2026-09-23 06:01:53,OP1010,EXC001,598,82.2,24.2,61,37.1,Yes,Yes
2026-09-23 06:01:53,OP1010,LDR002,608,70.0,27.1,65,37.1,Yes,Yes
2026-09-23 06:01:53,OP1010,BDZ003,612,77.3,27.4,64,37.0,Yes,Yes
2026-09-23 06:01:53,OP1010,GRD004,613,76.5,27.2,61,37.2,Yes,Yes
2026-09-23 06:01:53,OP1002,DMP005,631,76.9,25.1,35,37.1,Yes,Yes
2026-09-23 06:01:53,OP1009,CMP006,599,95.9,25.5,43,37.1,Yes,Yes
2026-09-23 06:01:53,OP1007,EXC007,625,86.0,25.5,35,37.2,Yes,Yes
2026-09-23 06:01:53,OP1002,LDR008,599,73.4,27.2,60,37.0,Yes,Yes
2026-09-23 06:01:54,OP1010,EXC001,600,83.8,24.2,60,37.1,Yes,Yes
2026-09-23 06:01:54,OP1010,LDR002,617,69.7,27.2,65,37.1,Yes,Yes
2026-09-23 06:01:54,OP1010,BDZ003,606,76.4,27.4,64,37.0,Yes,Yes
2026-09-23 06:01:54,OP1010,GRD004,605,77.9,27.2,60,37.2,Yes,Yes
2026-09-23 06:01:54,OP1002,DMP005,639,78.8,25.1,35,37.1,Yes,Yes
2026-09-23 06:01:54,OP1009,CMP006,595,95.7,25.6,42,37.1,Yes,Yes
2026-09-23 06:01:54,OP1007,EXC007,628,87.5,25.6,35,37.2,Yes,Yes
2026-09-23 06:01:54,OP1002,LDR008,600,75.3,27.2,62,37.0,Yes,Yes
2026-09-23 06:01:55,OP1010,EXC001,608,84.7,24.2,61,37.1,Yes,Yes
2026-09-23 06:01:55,OP1010,LDR002,628,70.2,27.2,67,37.1,Yes,Yes
2026-09-23 06:01:55,OP1010,BDZ003,604,75.9,27.3,65,37.0,Yes,Yes
2026-09-23 06:01:55,OP1010,GRD004,609,76.9,27.2,62,37.2,Yes,Yes
2026-09-23 06:01:55,OP1002,DMP005,636,78.1,25.1,35,37.1,Yes,Yes
2026-09-23 06:01:55,OP1009,CMP006,605,96.9,25.5,41,37.1,Yes,Yes
2026-09-23 06:01:55,OP1007,EXC007,630,87.2,25.7,35,37.2,Yes,Yes
2026-09-23 06:01:55,OP1002,LDR008,602,75.3,27.2,61,37.0,Yes,Yes
2026-09-23 06:01:56,OP1010,EXC001,620,85.6,24.3,60,37.1,Yes,Yes
2026-09-23 06:01:56,OP1010,LDR002,628,70.9,27.3,69,37.2,Yes,Yes
2026-09-23 06:01:56,OP1010,BDZ003,600,76.3,27.3,65,37.0,Yes,Yes
2026-09-23 06:01:56,OP1010,GRD004,617,78.9,27.3,64,37.2,Yes,Yes
2026-09-23 06:01:56,OP1002,DMP005,641,79.2,25.1,37,37.1,Yes,Yes
2026-09-23 06:01:56,OP1009,CMP006,610,97.0,25.6,42,37.1,Yes,Yes
2026-09-23 06:01:56,OP1007,EXC007,631,87.7,25.8,35,37.2,Yes,Yes
2026-09-23 06:01:56,OP1002,LDR008,599,77.1,27.3,60,37.1,Yes,Yes
2026-09-23 06:01:57,OP1010,EXC001,620,86.4,24.3,61,37.1,Yes,Yes
2026-09-23 06:01:57,OP1010,LDR002,600,72.6,27.3,68,37.1,Yes,Yes
2026-09-23 06:01:57,OP1010,BDZ003,597,75.4,27.3,63,37.0,Yes,Yes
2026-09-23 06:01:57,OP1010,GRD004,612,78.0,27.3,62,37.2,Yes,Yes
2026-09-23 06:01:57,OP1002,DMP005,652,78.7,25.1,35,37.2,Yes,Yes
2026-09-23 06:01:57,OP1009,CMP006,602,96.2,25.7,44,37.1,Yes,Yes
2026-09-23 06:01:57,OP1007,EXC007,625,87.9,25.7,37,37.2,Yes,Yes
2026-09-23 06:01:57,OP1002,LDR008,604,78.7,27.4,58,37.2,Yes,Yes
2026-09-23 06:01:58,OP1010,EXC001,624,88.1,24.4,62,37.1,Yes,Yes
2026-09-23 06:01:58,OP1010,LDR002,593,73.3,27.4,69,37.1,Yes,Yes
2026-09-23 06:01:58,OP1010,BDZ003,596,75.9,27.4,64,37.0,Yes,Yes
2026-09-23 06:01:58,OP1010,GRD004,606,79.5,27.4,61,37.2,Yes,Yes
2026-09-23 06:01:58,OP1002,DMP005,659,77.8,25.0,37,37.2,Yes,Yes
2026-09-23 06:01:58,OP1009,CMP006,598,95.6,25.7,45,37.1,Yes,Yes
2026-09-23 06:01:58,OP1007,EXC007,635,89.8,25.7,36,37.2,Yes,Yes
2026-09-23 06:01:58,OP1002,LDR008,597,79.9,27.3,60,37.2,Yes,Yes
2026-09-23 06:01:59,OP1010,EXC001,628,88.9,24.4,61,37.1,Yes,Yes
2026-09-23 06:01:59,OP1010,LDR002,589,74.3,27.3,70,37.2,Yes,Yes
2026-09-23 06:01:59,OP1010,BDZ003,600,75.0,27.4,62,37.1,Yes,Yes
2026-09-23 06:01:59,OP1010,GRD004,602,80.7,27.4,62,37.2,Yes,Yes
2026-09-23 06:01:59,OP1002,DMP005,600,78.2,25.0,35,37.0,Yes,Yes
2026-09-23 06:01:59,OP1009,CMP006,599,96.9,25.6,44,37.1,Yes,Yes
2026-09-23 06:01:59,OP1007,EXC007,600,91.4,25.8,37,37.0,Yes,Yes
2026-09-23 06:01:59,OP1002,LDR008,591,80.7,27.3,60,37.2,Yes,Yes
2026-09-23 06:02:00,OP1010,EXC001,631,90.1,24.5,62,37.1,Yes,Yes
2026-09-23 06:02:00,OP1010,LDR002,589,75.9,27.2,68,37.2,Yes,Yes
2026-09-23 06:02:00,OP1010,BDZ003,612,75.7,27.5,61,37.1,Yes,Yes
2026-09-23 06:02:00,OP1010,GRD004,612,81.9,27.5,64,37.2,Yes,Yes
2026-09-23 06:02:00,OP1002,DMP005,597,78.0,25.0,35,37.1,Yes,Yes
2026-09-23 06:02:00,OP1009,CMP006,602,98.6,25.6,45,37.1,Yes,Yes
2026-09-23 06:02:00,OP1007,EXC007,596,92.5,25.8,38,37.0,Yes,Yes
2026-09-23 06:02:00,OP1002,LDR008,600,81.8,27.2,62,37.1,Yes,Yes
2026-09-23 06:02:01,OP1010,EXC001,638,90.8,24.6,61,37.2,Yes,Yes
2026-09-23 06:02:01,OP1010,LDR002,600,75.4,27.3,68,37.2,Yes,Yes
2026-09-23 06:02:01,OP1010,BDZ003,612,75.2,27.5,59,37.1,Yes,Yes
2026-09-23 06:02:01,OP1010,GRD004,623,81.8,27.4,64,37.2,Yes,Yes
2026-09-23 06:02:01,OP1002,DMP005,595,78.9,25.0,35,37.1,Yes,Yes
2026-09-23 06:02:01,OP1009,CMP006,607,100.0,25.5,46,37.2,Yes,Yes
2026-09-23 06:02:01,OP1007,EXC007,601,91.9,25.7,40,37.0,Yes,Yes
2026-09-23 06:02:01,OP1002,LDR008,610,81.1,27.3,60,37.1,Yes,Yes
2026-09-23 06:02:02,OP1010,EXC001,649,91.0,24.7,59,37.2,Yes,Yes
2026-09-23 06:02:02,OP1010,LDR002,600,76.2,27.4,67,37.1,Yes,Yes
2026-09-23 06:02:02,OP1010,BDZ003,624,75.5,27.6,60,37.1,Yes,Yes
2026-09-23 06:02:02,OP1010,GRD004,600,82.1,27.5,66,37.1,Yes,Yes
2026-09-23 06:02:02,OP1002,DMP005,597,80.6,25.1,36,37.2,Yes,Yes
2026-09-23 06:02:02,OP1009,CMP006,602,100.1,25.5,45,37.2,Yes,Yes
2026-09-23 06:02:02,OP1007,EXC007,605,93.6,25.7,42,37.0,Yes,Yes
2026-09-23 06:02:02,OP1002,LDR008,605,82.3,27.3,59,37.1,Yes,Yes
2026-09-23 06:02:03,OP1010,EXC001,657,90.6,24.7,58,37.2,Yes,Yes
2026-09-23 06:02:03,OP1010,LDR002,599,78.2,27.3,65,37.1,Yes,Yes
2026-09-23 06:02:03,OP1010,BDZ003,625,75.4,27.6,58,37.1,Yes,Yes
2026-09-23 06:02:03,OP1010,GRD004,593,82.6,27.6,68,37.1,Yes,Yes
2026-09-23 06:02:03,OP1002,DMP005,591,82.0,25.2,36,37.2,Yes,Yes
2026-09-23 06:02:03,OP1009,CMP006,596,101.3,25.6,45,37.2,Yes,Yes
2026-09-23 06:02:03,OP1007,EXC007,612,95.0,25.7,40,37.0,Yes,Yes
2026-09-23 06:02:03,OP1002,LDR008,611,81.5,27.3,60,37.2,Yes,Yes
2026-09-23 06:02:04,OP1010,EXC001,663,90.7,24.8,58,37.2,Yes,Yes
2026-09-23 06:02:04,OP1010,LDR002,608,80.0,27.3,64,37.1,Yes,Yes
2026-09-23 06:02:04,OP1010,BDZ003,627,77.2,27.6,58,37.1,Yes,Yes
2026-09-23 06:02:04,OP1010,GRD004,592,83.8,27.5,66,37.1,Yes,Yes
2026-09-23 06:02:04,OP1002,DMP005,587,81.6,25.3,36,37.2,Yes,Yes
2026-09-23 06:02:04,OP1009,CMP006,608,101.4,25.7,45,37.2,Yes,Yes
2026-09-23 06:02:04,OP1007,EXC007,608,94.3,25.7,38,37.0,Yes,Yes
2026-09-23 06:02:04,OP1002,LDR008,612,82.0,27.3,58,37.2,Yes,Yes
2026-09-23 06:02:05,OP1010,EXC001,660,90.0,24.9,59,37.2,Yes,Yes
2026-09-23 06:02:05,OP1010,LDR002,618,81.8,27.2,66,37.1,Yes,Yes
2026-09-23 06:02:05,OP1010,BDZ003,624,77.5,27.6,58,37.1,Yes,Yes
2026-09-23 06:02:05,OP1010,GRD004,591,84.4,27.4,64,37.2,Yes,Yes
2026-09-23 06:02:05,OP1002,DMP005,598,83.5,25.2,35,37.2,Yes,Yes
2026-09-23 06:02:05,OP1009,CMP006,605,101.5,25.7,46,37.2,Yes,Yes
2026-09-23 06:02:05,OP1007,EXC007,612,93.4,25.7,40,37.1,Yes,Yes
2026-09-23 06:02:05,OP1002,LDR008,624,81.8,27.3,56,37.2,Yes,Yes
2026-09-23 06:02:06,OP1010,EXC001,629,91.5,24.9,58,37.1,Yes,Yes
2026-09-23 06:02:06,OP1010,LDR002,628,81.2,27.2,65,37.1,Yes,Yes
2026-09-23 06:02:06,OP1010,BDZ003,626,77.1,27.7,57,37.1,Yes,Yes
2026-09-23 06:02:06,OP1010,GRD004,585,85.3,27.5,66,37.2,Yes,Yes
2026-09-23 06:02:06,OP1002,DMP005,604,85.2,25.1,37,37.2,Yes,Yes
2026-09-23 06:02:06,OP1009,CMP006,600,100.6,25.7,44,37.0,Yes,Yes
2026-09-23 06:02:06,OP1007,EXC007,614,95.0,25.8,41,37.1,Yes,Yes
2026-09-23 06:02:06,OP1002,LDR008,630,82.4,27.3,57,37.2,Yes,Yes
2026-09-23 06:02:07,OP1010,EXC001,623,91.2,24.8,56,37.1,Yes,Yes
2026-09-23 06:02:07,OP1010,LDR002,623,80.2,27.2,63,37.1,Yes,Yes
2026-09-23 06:02:07,OP1010,BDZ003,622,76.1,27.6,56,37.1,Yes,Yes
2026-09-23 06:02:07,OP1010,GRD004,585,87.2,27.4,68,37.2,Yes,Yes
2026-09-23 06:02:07,OP1002,DMP005,614,84.9,25.2,35,37.2,Yes,Yes
2026-09-23 06:02:07,OP1009,CMP006,609,100.6,25.8,44,37.0,Yes,Yes
2026-09-23 06:02:07,OP1007,EXC007,618,96.6,25.8,39,37.2,Yes,Yes
2026-09-23 06:02:07,OP1002,LDR008,626,83.5,27.2,57,37.2,Yes,Yes
2026-09-23 06:02:08,OP1010,EXC001,628,90.6,24.8,56,37.1,Yes,Yes
2026-09-23 06:02:08,OP1010,LDR002,631,79.3,27.2,61,37.1,Yes,Yes
2026-09-23 06:02:08,OP1010,BDZ003,614,75.7,27.6,54,37.1,Yes,Yes
2026-09-23 06:02:08,OP1010,GRD004,586,88.6,27.3,68,37.2,Yes,Yes
2026-09-23 06:02:08,OP1002,DMP005,618,86.7,25.2,35,37.2,Yes,Yes
2026-09-23 06:02:08,OP1009,CMP006,607,101.9,25.9,44,37.1,Yes,Yes
2026-09-23 06:02:08,OP1007,EXC007,600,98.1,25.8,40,37.1,Yes,Yes
2026-09-23 06:02:08,OP1002,LDR008,629,83.6,27.3,59,37.2,Yes,Yes
2026-09-23 06:02:09,OP1010,EXC001,635,90.0,24.9,57,37.1,Yes,Yes
2026-09-23 06:02:09,OP1010,LDR002,623,81.1,27.3,63,37.1,Yes,Yes
2026-09-23 06:02:09,OP1010,BDZ003,606,75.9,27.6,54,37.1,Yes,Yes
2026-09-23 06:02:09,OP1010,GRD004,578,88.4,27.3,67,37.2,Yes,Yes
2026-09-23 06:02:09,OP1002,DMP005,619,85.8,25.2,35,37.2,Yes,Yes
2026-09-23 06:02:09,OP1009,CMP006,607,101.4,25.9,43,37.2,Yes,Yes
2026-09-23 06:02:09,OP1007,EXC007,598,97.3,25.7,38,37.2,Yes,Yes
2026-09-23 06:02:09,OP1002,LDR008,637,84.7,27.2,58,37.2,Yes,Yes
2026-09-23 06:02:10,OP1010,EXC001,633,89.9,25.0,59,37.1,Yes,Yes
2026-09-23 06:02:10,OP1010,LDR002,630,80.4,27.2,65,37.1,Yes,Yes
2026-09-23 06:02:10,OP1010,BDZ003,612,77.2,27.7,55,37.1,Yes,Yes
2026-09-23 06:02:10,OP1010,GRD004,583,89.2,27.3,69,37.2,Yes,Yes
2026-09-23 06:02:10,OP1002,DMP005,622,86.3,25.3,35,37.2,Yes,Yes
2026-09-23 06:02:10,OP1009,CMP006,616,102.7,25.8,44,37.2,Yes,Yes
2026-09-23 06:02:10,OP1007,EXC007,591,98.1,25.7,40,37.2,Yes,Yes
2026-09-23 06:02:10,OP1002,LDR008,636,85.2,27.1,57,37.2,Yes,Yes
2026-09-23 06:02:11,OP1010,EXC001,633,91.5,25.1,58,37.1,Yes,Yes
2026-09-23 06:02:11,OP1010,LDR002,631,80.3,27.2,63,37.1,Yes,Yes
2026-09-23 06:02:11,OP1010,BDZ003,615,76.6,27.6,56,37.2,Yes,Yes
2026-09-23 06:02:11,OP1010,GRD004,583,90.8,27.4,69,37.2,Yes,Yes
2026-09-23 06:02:11,OP1002,DMP005,616,87.6,25.4,35,37.2,Yes,Yes
2026-09-23 06:02:11,OP1009,CMP006,615,102.8,25.9,44,37.2,Yes,Yes
2026-09-23 06:02:11,OP1007,EXC007,585,99.5,25.7,38,37.2,Yes,Yes
2026-09-23 06:02:11,OP1002,LDR008,600,86.2,27.1,58,37.1,Yes,Yes
2026-09-23 06:02:12,OP1010,EXC001,635,92.0,25.2,58,37.1,Yes,Yes
2026-09-23 06:02:12,OP1010,LDR002,630,81.2,27.2,63,37.2,Yes,Yes
2026-09-23 06:02:12,OP1010,BDZ003,622,76.3,27.6,56,37.2,Yes,Yes
2026-09-23 06:02:12,OP1010,GRD004,588,90.0,27.5,67,37.2,Yes,Yes
2026-09-23 06:02:12,OP1002,DMP005,616,89.1,25.5,36,37.2,Yes,Yes
2026-09-23 06:02:12,OP1009,CMP006,609,104.3,25.9,46,37.2,Yes,Yes
2026-09-23 06:02:12,OP1007,EXC007,600,99.0,25.7,36,37.0,Yes,Yes
2026-09-23 06:02:12,OP1002,LDR008,597,86.3,27.0,56,37.2,Yes,Yes
2026-09-23 06:02:13,OP1010,EXC001,630,91.7,25.2,56,37.1,Yes,Yes
2026-09-23 06:02:13,OP1010,LDR002,600,82.6,27.2,61,37.1,Yes,Yes
2026-09-23 06:02:13,OP1010,BDZ003,615,75.5,27.7,55,37.2,Yes,Yes
2026-09-23 06:02:13,OP1010,GRD004,584,91.4,27.6,65,37.2,Yes,Yes
2026-09-23 06:02:13,OP1002,DMP005,600,88.5,25.6,38,37.0,Yes,Yes
2026-09-23 06:02:13,OP1009,CMP006,605,104.7,25.8,48,37.2,Yes,Yes
2026-09-23 06:02:13,OP1007,EXC007,599,99.0,25.8,35,37.0,Yes,Yes
2026-09-23 06:02:13,OP1002,LDR008,600,85.4,27.0,57,37.1,Yes,Yes
2026-09-23 06:02:14,OP1010,EXC001,628,92.1,25.3,57,37.1,Yes,Yes
2026-09-23 06:02:14,OP1010,LDR002,609,82.8,27.1,61,37.1,Yes,Yes
2026-09-23 06:02:14,OP1010,BDZ003,600,76.8,27.8,57,37.2,Yes,Yes
2026-09-23 06:02:14,OP1010,GRD004,600,93.2,27.7,64,37.2,Yes,Yes
2026-09-23 06:02:14,OP1002,DMP005,610,88.6,25.6,40,37.0,Yes,Yes
2026-09-23 06:02:14,OP1009,CMP006,613,103.9,25.9,47,37.2,Yes,Yes
2026-09-23 06:02:14,OP1007,EXC007,610,99.9,25.9,35,37.0,Yes,Yes
2026-09-23 06:02:14,OP1002,LDR008,599,85.2,27.0,55,37.1,Yes,Yes
2026-09-23 06:02:15,OP1010,EXC001,623,93.1,25.4,58,37.2,Yes,Yes
2026-09-23 06:02:15,OP1010,LDR002,619,81.9,27.2,59,37.1,Yes,Yes
2026-09-23 06:02:15,OP1010,BDZ003,592,75.9,27.9,56,37.2,Yes,Yes
2026-09-23 06:02:15,OP1010,GRD004,606,92.6,27.8,62,37.2,Yes,Yes
2026-09-23 06:02:15,OP1002,DMP005,614,88.3,25.7,39,37.0,Yes,Yes
2026-09-23 06:02:15,OP1009,CMP006,605,103.6,25.9,47,37.2,Yes,Yes
2026-09-23 06:02:15,OP1007,EXC007,609,100.8,25.9,35,37.0,Yes,Yes
2026-09-23 06:02:15,OP1002,LDR008,607,86.8,27.0,55,37.1,Yes,Yes
2026-09-23 06:02:16,OP1010,EXC001,600,94.0,25.3,57,37.0,Yes,Yes
2026-09-23 06:02:16,OP1010,LDR002,617,83.4,27.3,60,37.1,Yes,Yes
2026-09-23 06:02:16,OP1010,BDZ003,601,77.3,27.8,58,37.2,Yes,Yes
2026-09-23 06:02:16,OP1010,GRD004,610,94.3,27.8,64,37.2,Yes,Yes
2026-09-23 06:02:16,OP1002,DMP005,607,89.6,25.8,41,37.0,Yes,Yes
2026-09-23 06:02:16,OP1009,CMP006,612,103.2,25.9,49,37.2,Yes,Yes
2026-09-23 06:02:16,OP1007,EXC007,614,101.0,25.9,36,37.0,Yes,Yes
2026-09-23 06:02:16,OP1002,LDR008,603,86.6,27.0,55,37.1,Yes,Yes
2026-09-23 06:02:17,OP1010,EXC001,610,93.8,25.2,56,37.0,Yes,Yes
2026-09-23 06:02:17,OP1010,LDR002,621,85.2,27.2,60,37.2,Yes,Yes
2026-09-23 06:02:17,OP1010,BDZ003,593,78.3,27.9,57,37.2,Yes,Yes
2026-09-23 06:02:17,OP1010,GRD004,617,94.7,27.8,63,37.2,Yes,Yes
2026-09-23 06:02:17,OP1002,DMP005,615,89.7,25.8,40,37.0,Yes,Yes
2026-09-23 06:02:17,OP1009,CMP006,600,102.5,25.9,47,37.1,Yes,Yes
2026-09-23 06:02:17,OP1007,EXC007,623,100.4,25.8,35,37.1,Yes,Yes
2026-09-23 06:02:17,OP1002,LDR008,595,88.3,27.1,54,37.2,Yes,Yes
2026-09-23 06:02:18,OP1010,EXC001,615,95.2,25.2,57,37.0,Yes,Yes
2026-09-23 06:02:18,OP1010,LDR002,631,84.3,27.3,60,37.2,Yes,Yes
2026-09-23 06:02:18,OP1010,BDZ003,589,78.6,28.0,55,37.2,Yes,Yes
2026-09-23 06:02:18,OP1010,GRD004,620,94.2,27.7,63,37.2,Yes,Yes
2026-09-23 06:02:18,OP1002,DMP005,616,89.1,25.8,39,37.0,Yes,Yes
2026-09-23 06:02:18,OP1009,CMP006,599,102.5,25.9,45,37.1,Yes,Yes
2026-09-23 06:02:18,OP1007,EXC007,619,100.4,25.8,35,37.1,Yes,Yes
2026-09-23 06:02:18,OP1002,LDR008,600,89.8,27.1,53,37.1,Yes,Yes
2026-09-23 06:02:19,OP1010,EXC001,626,96.8,25.3,56,37.0,Yes,Yes
2026-09-23 06:02:19,OP1010,LDR002,624,84.6,27.4,61,37.2,Yes,Yes
2026-09-23 06:02:19,OP1010,BDZ003,600,79.0,28.0,57,37.0,Yes,Yes
2026-09-23 06:02:19,OP1010,GRD004,619,94.1,27.7,61,37.2,Yes,Yes
2026-09-23 06:02:19,OP1002,DMP005,609,89.3,25.7,41,37.1,Yes,Yes
2026-09-23 06:02:19,OP1009,CMP006,593,102.7,25.9,47,37.1,Yes,Yes
2026-09-23 06:02:19,OP1007,EXC007,629,101.7,25.8,35,37.1,Yes,Yes
2026-09-23 06:02:19,OP1002,LDR008,605,90.2,27.2,54,37.1,Yes,Yes
2026-09-23 06:02:20,OP1010,EXC001,635,96.3,25.2,58,37.0,Yes,Yes
2026-09-23 06:02:20,OP1010,LDR002,618,86.3,27.5,62,37.2,Yes,Yes
2026-09-23 06:02:20,OP1010,BDZ003,607,80.5,28.1,57,37.0,Yes,Yes
2026-09-23 06:02:20,OP1010,GRD004,616,96.0,27.8,63,37.2,Yes,Yes
2026-09-23 06:02:20,OP1002,DMP005,606,88.3,25.7,40,37.2,Yes,Yes
2026-09-23 06:02:20,OP1009,CMP006,605,104.1,26.0,48,37.1,Yes,Yes
2026-09-23 06:02:20,OP1007,EXC007,621,100.9,25.9,35,37.2,Yes,Yes
2026-09-23 06:02:20,OP1002,LDR008,600,89.4,27.3,54,37.1,Yes,Yes
2026-09-23 06:02:21,OP1010,EXC001,637,97.6,25.2,60,37.0,Yes,Yes
2026-09-23 06:02:21,OP1010,LDR002,600,88.3,27.6,61,37.0,Yes,Yes
2026-09-23 06:02:21,OP1010,BDZ003,612,82.3,28.2,59,37.0,Yes,Yes
2026-09-23 06:02:21,OP1010,GRD004,625,97.1,27.7,61,37.2,Yes,Yes
2026-09-23 06:02:21,OP1002,DMP005,611,89.1,25.8,42,37.2,Yes,Yes
2026-09-23 06:02:21,OP1009,CMP006,599,105.1,25.9,50,37.1,Yes,Yes
2026-09-23 06:02:21,OP1007,EXC007,615,102.7,25.9,37,37.2,Yes,Yes
2026-09-23 06:02:21,OP1002,LDR008,598,89.0,27.3,54,37.1,Yes,Yes
2026-09-23 06:02:22,OP1010,EXC001,629,98.8,25.3,62,37.0,Yes,Yes
2026-09-23 06:02:22,OP1010,LDR002,609,88.1,27.6,63,37.0,Yes,Yes
2026-09-23 06:02:22,OP1010,BDZ003,609,83.2,28.1,59,37.1,Yes,Yes
2026-09-23 06:02:22,OP1010,GRD004,619,97.1,27.8,61,37.2,Yes,Yes
2026-09-23 06:02:22,OP1002,DMP005,608,91.1,25.8,44,37.2,Yes,Yes
2026-09-23 06:02:22,OP1009,CMP006,611,105.1,25.9,49,37.1,Yes,Yes
2026-09-23 06:02:22,OP1007,EXC007,614,104.5,26.0,38,37.2,Yes,Yes
2026-09-23 06:02:22,OP1002,LDR008,603,89.0,27.3,52,37.2,Yes,Yes
2026-09-23 06:02:23,OP1010,EXC001,634,99.2,25.4,60,37.0,Yes,Yes
2026-09-23 06:02:23,OP1010,LDR002,620,88.2,27.6,61,37.0,Yes,Yes
2026-09-23 06:02:23,OP1010,BDZ003,608,84.6,28.2,58,37.1,Yes,Yes
2026-09-23 06:02:23,OP1010,GRD004,611,96.4,27.9,62,37.2,Yes,Yes
2026-09-23 06:02:23,OP1002,DMP005,619,92.5,25.7,46,37.2,Yes,Yes
2026-09-23 06:02:23,OP1009,CMP006,617,106.1,25.9,51,37.2,Yes,Yes
2026-09-23 06:02:23,OP1007,EXC007,625,103.8,26.0,37,37.2,Yes,Yes
2026-09-23 06:02:23,OP1002,LDR008,600,89.9,27.4,52,37.2,Yes,Yes
2026-09-23 06:02:24,OP1010,EXC001,627,100.9,25.5,59,37.0,Yes,Yes
2026-09-23 06:02:24,OP1010,LDR002,629,87.8,27.6,63,37.0,Yes,Yes
2026-09-23 06:02:24,OP1010,BDZ003,615,84.1,28.2,56,37.1,Yes,Yes
2026-09-23 06:02:24,OP1010,GRD004,604,95.6,28.0,61,37.2,Yes,Yes
2026-09-23 06:02:24,OP1002,DMP005,628,93.7,25.7,48,37.2,Yes,Yes
2026-09-23 06:02:24,OP1009,CMP006,609,107.1,25.9,53,37.2,Yes,Yes
2026-09-23 06:02:24,OP1007,EXC007,600,104.8,26.1,36,37.2,Yes,Yes
2026-09-23 06:02:24,OP1002,LDR008,609,91.3,27.4,54,37.2,Yes,Yes
2026-09-23 06:02:25,OP1010,EXC001,635,101.0,25.4,57,37.1,Yes,Yes
2026-09-23 06:02:25,OP1010,LDR002,638,88.5,27.6,65,37.0,Yes,Yes
2026-09-23 06:02:25,OP1010,BDZ003,617,85.4,28.3,58,37.1,Yes,Yes
2026-09-23 06:02:25,OP1010,GRD004,609,96.3,27.9,60,37.2,Yes,Yes
2026-09-23 06:02:25,OP1002,DMP005,632,94.1,25.7,49,37.2,Yes,Yes
2026-09-23 06:02:25,OP1009,CMP006,600,108.9,26.0,53,37.1,Yes,Yes
2026-09-23 06:02:25,OP1007,EXC007,605,106.1,26.1,35,37.2,Yes,Yes
2026-09-23 06:02:25,OP1002,LDR008,600,93.1,27.4,52,37.0,Yes,Yes
2026-09-23 06:02:26,OP1010,EXC001,627,100.5,25.3,56,37.1,Yes,Yes
2026-09-23 06:02:26,OP1010,LDR002,642,89.1,27.7,63,37.0,Yes,Yes
2026-09-23 06:02:26,OP1010,BDZ003,619,86.5,28.4,58,37.1,Yes,Yes
2026-09-23 06:02:26,OP1010,GRD004,617,97.5,27.8,58,37.2,Yes,Yes
2026-09-23 06:02:26,OP1002,DMP005,629,94.0,25.8,47,37.2,Yes,Yes
2026-09-23 06:02:26,OP1009,CMP006,598,108.5,25.9,52,37.1,Yes,Yes
2026-09-23 06:02:26,OP1007,EXC007,600,107.2,26.1,36,37.2,Yes,Yes
2026-09-23 06:02:26,OP1002,LDR008,602,93.2,27.4,50,37.0,Yes,Yes
2026-09-23 06:02:27,OP1010,EXC001,639,102.5,25.4,54,37.1,Yes,Yes
2026-09-23 06:02:27,OP1010,LDR002,651,88.5,27.7,65,37.0,Yes,Yes
2026-09-23 06:02:27,OP1010,BDZ003,627,87.0,28.3,57,37.1,Yes,Yes
2026-09-23 06:02:27,OP1010,GRD004,614,98.7,27.9,60,37.2,Yes,Yes
2026-09-23 06:02:27,OP1002,DMP005,628,95.8,25.7,49,37.2,Yes,Yes
2026-09-23 06:02:27,OP1009,CMP006,595,110.4,25.9,52,37.2,Yes,Yes
2026-09-23 06:02:27,OP1007,EXC007,595,108.2,26.1,35,37.2,Yes,Yes
2026-09-23 06:02:27,OP1002,LDR008,605,92.8,27.3,52,37.0,Yes,Yes
2026-09-23 06:02:28,OP1010,EXC001,642,104.3,25.4,55,37.1,Yes,Yes
2026-09-23 06:02:28,OP1010,LDR002,659,89.8,27.8,66,37.1,Yes,Yes
2026-09-23 06:02:28,OP1010,BDZ003,639,88.4,28.3,55,37.1,Yes,Yes
2026-09-23 06:02:28,OP1010,GRD004,626,97.8,27.9,59,37.2,Yes,Yes
2026-09-23 06:02:28,OP1002,DMP005,600,95.8,25.8,47,37.1,Yes,Yes
2026-09-23 06:02:28,OP1009,CMP006,600,112.1,25.8,52,37.2,Yes,Yes
2026-09-23 06:02:28,OP1007,EXC007,600,108.5,26.1,35,37.0,Yes,Yes
2026-09-23 06:02:28,OP1002,LDR008,600,92.1,27.3,54,37.0,Yes,Yes
2026-09-23 06:02:29,OP1010,EXC001,642,104.9,25.3,53,37.1,Yes,Yes
2026-09-23 06:02:29,OP1010,LDR002,653,90.1,27.8,68,37.1,Yes,Yes
2026-09-23 06:02:29,OP1010,BDZ003,634,87.8,28.2,53,37.1,Yes,Yes
2026-09-23 06:02:29,OP1010,GRD004,600,98.3,28.0,57,37.1,Yes,Yes
2026-09-23 06:02:29,OP1002,DMP005,598,97.8,25.8,46,37.2,Yes,Yes
2026-09-23 06:02:29,OP1009,CMP006,595,112.3,25.9,50,37.2,Yes,Yes
2026-09-23 06:02:29,OP1007,EXC007,603,110.1,26.2,36,37.0,Yes,Yes
2026-09-23 06:02:29,OP1002,LDR008,593,91.3,27.4,56,37.0,Yes,Yes
2026-09-23 06:02:30,OP1010,EXC001,639,105.6,25.3,53,37.1,Yes,Yes
2026-09-23 06:02:30,OP1010,LDR002,656,91.8,27.7,69,37.1,Yes,Yes
2026-09-23 06:02:30,OP1010,BDZ003,640,89.7,28.1,53,37.2,Yes,Yes
2026-09-23 06:02:30,OP1010,GRD004,602,98.2,28.1,57,37.1,Yes,Yes
2026-09-23 06:02:30,OP1002,DMP005,602,97.7,25.7,44,37.2,Yes,Yes
2026-09-23 06:02:30,OP1009,CMP006,602,112.3,25.9,50,37.2,Yes,Yes
2026-09-23 06:02:30,OP1007,EXC007,615,110.9,26.3,35,37.0,Yes,Yes
2026-09-23 06:02:30,OP1002,LDR008,593,92.4,27.3,55,37.1,Yes,Yes
2026-09-23 06:02:31,OP1010,EXC001,645,106.4,25.4,55,37.1,Yes,Yes
2026-09-23 06:02:31,OP1010,LDR002,648,93.6,27.7,67,37.1,Yes,Yes
2026-09-23 06:02:31,OP1010,BDZ003,649,88.8,28.2,55,37.2,Yes,Yes
2026-09-23 06:02:31,OP1010,GRD004,595,99.9,28.1,56,37.2,Yes,Yes
2026-09-23 06:02:31,OP1002,DMP005,595,99.5,25.8,45,37.2,Yes,Yes
2026-09-23 06:02:31,OP1009,CMP006,612,112.6,25.8,51,37.2,Yes,Yes
2026-09-23 06:02:31,OP1007,EXC007,612,112.4,26.3,37,37.0,Yes,Yes
2026-09-23 06:02:31,OP1002,LDR008,590,94.0,27.2,57,37.1,Yes,Yes
2026-09-23 06:02:32,OP1010,EXC001,645,106.3,25.5,57,37.1,Yes,Yes
2026-09-23 06:02:32,OP1010,LDR002,644,94.0,27.8,67,37.1,Yes,Yes
2026-09-23 06:02:32,OP1010,BDZ003,643,88.7,28.1,56,37.2,Yes,Yes
2026-09-23 06:02:32,OP1010,GRD004,601,100.0,28.1,56,37.2,Yes,Yes
2026-09-23 06:02:32,OP1002,DMP005,600,101.4,25.9,43,37.1,Yes,Yes
2026-09-23 06:02:32,OP1009,CMP006,611,112.0,25.9,50,37.2,Yes,Yes
2026-09-23 06:02:32,OP1007,EXC007,620,112.7,26.4,36,37.0,Yes,Yes
2026-09-23 06:02:32,OP1002,LDR008,600,95.5,27.3,55,37.1,Yes,Yes
2026-09-23 06:02:33,OP1010,EXC001,654,108.0,25.6,56,37.2,Yes,Yes
2026-09-23 06:02:33,OP1010,LDR002,656,94.1,27.8,66,37.1,Yes,Yes
2026-09-23 06:02:33,OP1010,BDZ003,600,88.2,28.2,58,37.1,Yes,Yes
2026-09-23 06:02:33,OP1010,GRD004,593,99.0,28.0,55,37.2,Yes,Yes
2026-09-23 06:02:33,OP1002,DMP005,599,100.6,26.0,45,37.2,Yes,Yes
2026-09-23 06:02:33,OP1009,CMP006,607,111.7,25.8,50,37.2,Yes,Yes
2026-09-23 06:02:33,OP1007,EXC007,624,112.2,26.4,36,37.0,Yes,Yes
2026-09-23 06:02:33,OP1002,LDR008,595,95.9,27.3,54,37.1,Yes,Yes
2026-09-23 06:02:34,OP1010,EXC001,603,109.1,25.7,58,37.1,Yes,Yes
2026-09-23 06:02:34,OP1010,LDR002,657,95.4,27.8,64,37.2,Yes,Yes
2026-09-23 06:02:34,OP1010,BDZ003,611,89.0,28.3,57,37.1,Yes,Yes
2026-09-23 06:02:34,OP1010,GRD004,600,100.9,28.1,54,37.2,Yes,Yes
2026-09-23 06:02:34,OP1002,DMP005,600,101.1,26.0,47,37.2,Yes,Yes
2026-09-23 06:02:34,OP1009,CMP006,617,111.8,25.9,48,37.2,Yes,Yes
2026-09-23 06:02:34,OP1007,EXC007,633,114.1,26.5,38,37.1,Yes,Yes
2026-09-23 06:02:34,OP1002,LDR008,593,97.1,27.4,54,37.1,Yes,Yes
2026-09-23 06:02:35,OP1010,EXC001,612,109.6,25.8,58,37.1,Yes,Yes
2026-09-23 06:02:35,OP1010,LDR002,667,96.8,27.7,62,37.2,Yes,Yes
2026-09-23 06:02:35,OP1010,BDZ003,606,90.7,28.2,56,37.1,Yes,Yes
2026-09-23 06:02:35,OP1010,GRD004,601,100.9,28.0,53,37.2,Yes,Yes
2026-09-23 06:02:35,OP1002,DMP005,600,100.5,26.1,48,37.1,Yes,Yes
2026-09-23 06:02:35,OP1009,CMP006,613,113.1,25.8,50,37.2,Yes,Yes
2026-09-23 06:02:35,OP1007,EXC007,625,115.5,26.5,37,37.1,Yes,Yes
2026-09-23 06:02:35,OP1002,LDR008,587,97.2,27.3,54,37.1,Yes,Yes
2026-09-23 06:02:36,OP1010,EXC001,613,109.6,25.8,60,37.1,Yes,Yes
2026-09-23 06:02:36,OP1010,LDR002,670,97.2,27.7,60,37.2,Yes,Yes
2026-09-23 06:02:36,OP1010,BDZ003,610,91.1,28.2,58,37.1,Yes,Yes
2026-09-23 06:02:36,OP1010,GRD004,606,100.4,28.1,55,37.2,Yes,Yes
2026-09-23 06:02:36,OP1002,DMP005,605,100.4,26.2,49,37.1,Yes,Yes
2026-09-23 06:02:36,OP1009,CMP006,607,113.0,25.8,52,37.2,Yes,Yes
2026-09-23 06:02:36,OP1007,EXC007,635,116.4,26.4,37,37.1,Yes,Yes
2026-09-23 06:02:36,OP1002,LDR008,580,96.8,27.3,52,37.2,Yes,Yes
2026-09-23 06:02:37,OP1010,EXC001,624,109.5,25.9,58,37.1,Yes,Yes
2026-09-23 06:02:37,OP1010,LDR002,676,97.7,27.6,59,37.2,Yes,Yes
2026-09-23 06:02:37,OP1010,BDZ003,607,90.5,28.3,57,37.1,Yes,Yes
2026-09-23 06:02:37,OP1010,GRD004,608,101.9,28.2,54,37.2,Yes,Yes
2026-09-23 06:02:37,OP1002,DMP005,601,102.3,26.1,51,37.1,Yes,Yes
2026-09-23 06:02:37,OP1009,CMP006,606,113.1,25.7,51,37.2,Yes,Yes
2026-09-23 06:02:37,OP1007,EXC007,642,117.9,26.4,39,37.1,Yes,Yes
2026-09-23 06:02:37,OP1002,LDR008,581,96.1,27.3,54,37.2,Yes,Yes
2026-09-23 06:02:38,OP1010,EXC001,630,110.6,25.9,56,37.1,Yes,Yes
2026-09-23 06:02:38,OP1010,LDR002,680,98.3,27.7,57,37.2,Yes,Yes
2026-09-23 06:02:38,OP1010,BDZ003,611,91.3,28.4,57,37.1,Yes,Yes
2026-09-23 06:02:38,OP1010,GRD004,605,102.1,28.3,56,37.2,Yes,Yes
2026-09-23 06:02:38,OP1002,DMP005,613,102.3,26.1,50,37.1,Yes,Yes
2026-09-23 06:02:38,OP1009,CMP006,614,112.6,25.8,50,37.2,Yes,Yes
2026-09-23 06:02:38,OP1007,EXC007,646,119.6,26.4,38,37.1,Yes,Yes
2026-09-23 06:02:38,OP1002,LDR008,600,96.2,27.4,55,37.1,Yes,Yes
2026-09-23 06:02:39,OP1010,EXC001,636,112.3,26.0,55,37.1,Yes,Yes
2026-09-23 06:02:39,OP1010,LDR002,692,99.4,27.7,59,37.2,Yes,Yes
2026-09-23 06:02:39,OP1010,BDZ003,623,92.5,28.5,56,37.1,Yes,Yes
2026-09-23 06:02:39,OP1010,GRD004,610,103.9,28.3,56,37.2,Yes,Yes
2026-09-23 06:02:39,OP1002,DMP005,612,102.6,26.2,51,37.1,Yes,Yes
2026-09-23 06:02:39,OP1009,CMP006,625,113.6,25.9,51,37.2,Yes,Yes
2026-09-23 06:02:39,OP1007,EXC007,649,118.7,26.4,38,37.2,Yes,Yes
2026-09-23 06:02:39,OP1002,LDR008,602,95.9,27.4,56,37.1,Yes,Yes
2026-09-23 06:02:40,OP1010,EXC001,640,113.6,26.0,57,37.1,Yes,Yes
2026-09-23 06:02:40,OP1010,LDR002,628,98.9,27.7,58,37.0,Yes,Yes
2026-09-23 06:02:40,OP1010,BDZ003,615,94.4,28.6,55,37.1,Yes,Yes
2026-09-23 06:02:40,OP1010,GRD004,600,105.9,28.4,56,37.0,Yes,Yes
2026-09-23 06:02:40,OP1002,DMP005,607,102.8,26.2,53,37.1,Yes,Yes
2026-09-23 06:02:40,OP1009,CMP006,627,113.8,25.9,53,37.2,Yes,Yes
2026-09-23 06:02:40,OP1007,EXC007,600,118.1,26.5,38,37.2,Yes,Yes
2026-09-23 06:02:40,OP1002,LDR008,603,97.2,27.5,54,37.1,Yes,Yes
2026-09-23 06:02:41,OP1010,EXC001,637,113.7,26.1,57,37.1,Yes,Yes
2026-09-23 06:02:41,OP1010,LDR002,630,100.3,27.6,56,37.0,Yes,Yes
2026-09-23 06:02:41,OP1010,BDZ003,616,94.3,28.7,53,37.1,Yes,Yes
2026-09-23 06:02:41,OP1010,GRD004,605,107.3,28.4,56,37.1,Yes,Yes
2026-09-23 06:02:41,OP1002,DMP005,617,104.6,26.3,55,37.2,Yes,Yes
2026-09-23 06:02:41,OP1009,CMP006,628,113.3,25.9,51,37.2,Yes,Yes
2026-09-23 06:02:41,OP1007,EXC007,604,118.8,26.5,37,37.2,Yes,Yes
2026-09-23 06:02:41,OP1002,LDR008,600,99.0,27.4,55,37.1,Yes,Yes
2026-09-23 06:02:42,OP1010,EXC001,631,114.2,26.0,58,37.2,Yes,Yes
2026-09-23 06:02:42,OP1010,LDR002,630,99.6,27.6,55,37.0,Yes,Yes
2026-09-23 06:02:42,OP1010,BDZ003,624,93.3,28.7,53,37.1,Yes,Yes
2026-09-23 06:02:42,OP1010,GRD004,606,108.0,28.5,55,37.1,Yes,Yes
2026-09-23 06:02:42,OP1002,DMP005,610,105.2,26.4,56,37.2,Yes,Yes
2026-09-23 06:02:42,OP1009,CMP006,638,112.8,25.9,51,37.2,Yes,Yes
2026-09-23 06:02:42,OP1007,EXC007,600,120.4,26.6,37,37.2,Yes,Yes
2026-09-23 06:02:42,OP1002,LDR008,611,98.9,27.3,56,37.1,Yes,Yes
2026-09-23 06:02:43,OP1010,EXC001,640,114.9,26.0,60,37.2,Yes,Yes
2026-09-23 06:02:43,OP1010,LDR002,639,101.1,27.6,56,37.0,Yes,Yes
2026-09-23 06:02:43,OP1010,BDZ003,630,94.1,28.6,53,37.1,Yes,Yes
2026-09-23 06:02:43,OP1010,GRD004,618,109.9,28.4,56,37.1,Yes,Yes
2026-09-23 06:02:43,OP1002,DMP005,602,106.1,26.5,55,37.2,Yes,Yes
2026-09-23 06:02:43,OP1009,CMP006,631,112.5,25.9,51,37.2,Yes,Yes
2026-09-23 06:02:43,OP1007,EXC007,600,119.6,26.6,38,37.0,Yes,Yes
2026-09-23 06:02:43,OP1002,LDR008,605,98.0,27.4,54,37.2,Yes,Yes
2026-09-23 06:02:44,OP1010,EXC001,645,116.4,26.1,59,37.2,Yes,Yes
2026-09-23 06:02:44,OP1010,LDR002,632,100.1,27.7,55,37.0,Yes,Yes
2026-09-23 06:02:44,OP1010,BDZ003,634,94.9,28.7,51,37.1,Yes,Yes
2026-09-23 06:02:44,OP1010,GRD004,613,110.4,28.4,58,37.2,Yes,Yes
2026-09-23 06:02:44,OP1002,DMP005,594,107.9,26.5,53,37.2,Yes,Yes
2026-09-23 06:02:44,OP1009,CMP006,637,112.3,25.9,50,37.2,Yes,Yes
2026-09-23 06:02:44,OP1007,EXC007,601,120.9,26.5,38,37.0,Yes,Yes
2026-09-23 06:02:44,OP1002,LDR008,600,99.1,27.5,55,37.2,Yes,Yes
2026-09-23 06:02:45,OP1010,EXC001,641,118.4,26.1,60,37.2,Yes,Yes
2026-09-23 06:02:45,OP1010,LDR002,642,100.6,27.8,55,37.0,Yes,Yes
2026-09-23 06:02:45,OP1010,BDZ003,636,94.7,28.8,52,37.1,Yes,Yes
2026-09-23 06:02:45,OP1010,GRD004,600,112.0,28.3,58,37.1,Yes,Yes
2026-09-23 06:02:45,OP1002,DMP005,599,109.2,26.6,52,37.2,Yes,Yes
2026-09-23 06:02:45,OP1009,CMP006,647,113.2,26.0,49,37.2,Yes,Yes
2026-09-23 06:02:45,OP1007,EXC007,593,121.7,26.4,38,37.0,Yes,Yes
2026-09-23 06:02:45,OP1002,LDR008,608,98.5,27.4,55,37.2,Yes,Yes
2026-09-23 06:02:46,OP1010,EXC001,600,117.4,26.1,62,37.2,Yes,Yes
2026-09-23 06:02:46,OP1010,LDR002,634,99.8,27.7,53,37.0,Yes,Yes
2026-09-23 06:02:46,OP1010,BDZ003,633,94.2,28.9,51,37.1,Yes,Yes
2026-09-23 06:02:46,OP1010,GRD004,601,112.6,28.4,59,37.1,Yes,Yes
2026-09-23 06:02:46,OP1002,DMP005,600,110.7,26.7,52,37.1,Yes,Yes
2026-09-23 06:02:46,OP1009,CMP006,646,113.2,26.1,47,37.2,Yes,Yes
2026-09-23 06:02:46,OP1007,EXC007,605,123.2,26.5,40,37.0,Yes,Yes
2026-09-23 06:02:46,OP1002,LDR008,603,100.3,27.3,57,37.2,Yes,Yes
2026-09-23 06:02:47,OP1010,EXC001,600,119.0,26.1,62,37.0,Yes,Yes
2026-09-23 06:02:47,OP1010,LDR002,638,100.0,27.8,53,37.0,Yes,Yes
2026-09-23 06:02:47,OP1010,BDZ003,644,93.8,28.9,51,37.1,Yes,Yes
2026-09-23 06:02:47,OP1010,GRD004,596,114.1,28.4,60,37.1,Yes,Yes
2026-09-23 06:02:47,OP1002,DMP005,601,110.7,26.6,51,37.1,Yes,Yes
2026-09-23 06:02:47,OP1009,CMP006,600,113.3,26.2,48,37.1,Yes,Yes
2026-09-23 06:02:47,OP1007,EXC007,612,124.1,26.5,38,37.0,Yes,Yes
2026-09-23 06:02:47,OP1002,LDR008,599,100.4,27.4,58,37.2,Yes,Yes
2026-09-23 06:02:48,OP1010,EXC001,603,119.0,26.1,64,37.0,Yes,Yes
2026-09-23 06:02:48,OP1010,LDR002,631,99.8,27.8,52,37.0,Yes,Yes
2026-09-23 06:02:48,OP1010,BDZ003,651,95.5,29.0,50,37.1,Yes,Yes
2026-09-23 06:02:48,OP1010,GRD004,607,113.9,28.4,60,37.1,Yes,Yes
2026-09-23 06:02:48,OP1002,DMP005,595,110.6,26.6,53,37.1,Yes,Yes
2026-09-23 06:02:48,OP1009,CMP006,594,115.2,26.3,49,37.1,Yes,Yes
2026-09-23 06:02:48,OP1007,EXC007,624,123.2,26.4,37,37.0,Yes,Yes
2026-09-23 06:02:48,OP1002,LDR008,611,101.9,27.5,59,37.2,Yes,Yes
2026-09-23 06:02:49,OP1010,EXC001,609,118.5,26.0,62,37.0,Yes,Yes
2026-09-23 06:02:49,OP1010,LDR002,638,100.6,27.8,54,37.1,Yes,Yes
2026-09-23 06:02:49,OP1010,BDZ003,661,95.5,29.0,51,37.1,Yes,Yes
2026-09-23 06:02:49,OP1010,GRD004,604,115.3,28.4,60,37.1,Yes,Yes
2026-09-23 06:02:49,OP1002,DMP005,599,111.1,26.5,54,37.1,Yes,Yes
2026-09-23 06:02:49,OP1009,CMP006,597,114.4,26.4,51,37.2,Yes,Yes
2026-09-23 06:02:49,OP1007,EXC007,619,122.4,26.3,35,37.0,Yes,Yes
2026-09-23 06:02:49,OP1002,LDR008,600,102.5,27.6,57,37.1,Yes,Yes
2026-09-23 06:02:50,OP1010,EXC001,618,118.3,26.1,62,37.0,Yes,Yes
2026-09-23 06:02:50,OP1010,LDR002,638,101.6,27.7,56,37.1,Yes,Yes
2026-09-23 06:02:50,OP1010,BDZ003,655,96.5,29.1,49,37.1,Yes,Yes
2026-09-23 06:02:50,OP1010,GRD004,616,116.3,28.5,58,37.2,Yes,Yes
2026-09-23 06:02:50,OP1002,DMP005,611,110.3,26.5,54,37.1,Yes,Yes
2026-09-23 06:02:50,OP1009,CMP006,602,115.7,26.3,52,37.2,Yes,Yes
2026-09-23 06:02:50,OP1007,EXC007,627,122.2,26.4,36,37.0,Yes,Yes
2026-09-23 06:02:50,OP1002,LDR008,610,101.5,27.7,55,37.2,Yes,Yes
2026-09-23 06:02:51,OP1010,EXC001,615,118.5,26.1,64,37.1,Yes,Yes
2026-09-23 06:02:51,OP1010,LDR002,646,101.3,27.8,57,37.1,Yes,Yes
2026-09-23 06:02:51,OP1010,BDZ003,665,96.4,29.0,51,37.1,Yes,Yes
2026-09-23 06:02:51,OP1010,GRD004,627,115.5,28.4,60,37.2,Yes,Yes
2026-09-23 06:02:51,OP1002,DMP005,616,112.2,26.5,53,37.1,Yes,Yes
2026-09-23 06:02:51,OP1009,CMP006,605,116.8,26.3,54,37.2,Yes,Yes
2026-09-23 06:02:51,OP1007,EXC007,637,122.2,26.3,38,37.0,Yes,Yes
2026-09-23 06:02:51,OP1002,LDR008,620,102.0,27.8,55,37.2,Yes,Yes
2026-09-23 06:02:52,OP1010,EXC001,611,118.1,26.2,64,37.1,Yes,Yes
2026-09-23 06:02:52,OP1010,LDR002,642,103.1,27.7,59,37.2,Yes,Yes
2026-09-23 06:02:52,OP1010,BDZ003,659,96.1,29.1,52,37.1,Yes,Yes
2026-09-23 06:02:52,OP1010,GRD004,623,115.2,28.3,61,37.2,Yes,Yes
2026-09-23 06:02:52,OP1002,DMP005,612,113.0,26.6,55,37.1,Yes,Yes
2026-09-23 06:02:52,OP1009,CMP006,602,118.6,26.3,54,37.2,Yes,Yes
2026-09-23 06:02:52,OP1007,EXC007,634,123.0,26.4,39,37.0,Yes,Yes
2026-09-23 06:02:52,OP1002,LDR008,616,101.5,27.8,54,37.2,Yes,Yes
2026-09-23 06:02:53,OP1010,EXC001,610,119.3,26.1,66,37.1,Yes,Yes
2026-09-23 06:02:53,OP1010,LDR002,645,104.9,27.6,59,37.2,Yes,Yes
2026-09-23 06:02:53,OP1010,BDZ003,655,96.3,29.1,54,37.1,Yes,Yes
2026-09-23 06:02:53,OP1010,GRD004,622,115.7,28.3,61,37.2,Yes,Yes
2026-09-23 06:02:53,OP1002,DMP005,606,112.6,26.6,54,37.1,Yes,Yes
2026-09-23 06:02:53,OP1009,CMP006,606,118.6,26.3,53,37.2,Yes,Yes
2026-09-23 06:02:53,OP1007,EXC007,629,124.7,26.3,38,37.0,Yes,Yes
2026-09-23 06:02:53,OP1002,LDR008,608,103.2,27.9,55,37.2,Yes,Yes
2026-09-23 06:02:54,OP1010,EXC001,610,120.9,26.2,65,37.2,Yes,Yes
2026-09-23 06:02:54,OP1010,LDR002,657,104.2,27.7,57,37.2,Yes,Yes
2026-09-23 06:02:54,OP1010,BDZ003,660,97.2,29.2,53,37.1,Yes,Yes
2026-09-23 06:02:54,OP1010,GRD004,600,116.3,28.4,63,37.0,Yes,Yes
2026-09-23 06:02:54,OP1002,DMP005,599,114.2,26.7,54,37.1,Yes,Yes
2026-09-23 06:02:54,OP1009,CMP006,615,118.0,26.4,54,37.2,Yes,Yes
2026-09-23 06:02:54,OP1007,EXC007,621,123.8,26.3,37,37.1,Yes,Yes
2026-09-23 06:02:54,OP1002,LDR008,608,103.0,28.0,54,37.2,Yes,Yes
2026-09-23 06:02:55,OP1010,EXC001,608,122.7,26.3,67,37.2,Yes,Yes
2026-09-23 06:02:55,OP1010,LDR002,624,105.9,27.8,58,37.0,Yes,Yes
2026-09-23 06:02:55,OP1010,BDZ003,657,96.3,29.3,52,37.2,Yes,Yes
2026-09-23 06:02:55,OP1010,GRD004,609,117.9,28.4,63,37.0,Yes,Yes
2026-09-23 06:02:55,OP1002,DMP005,600,115.0,26.7,56,37.1,Yes,Yes
2026-09-23 06:02:55,OP1009,CMP006,600,119.2,26.4,54,37.1,Yes,Yes
2026-09-23 06:02:55,OP1007,EXC007,617,124.8,26.4,38,37.2,Yes,Yes
2026-09-23 06:02:55,OP1002,LDR008,606,103.8,28.1,53,37.2,Yes,Yes
2026-09-23 06:02:56,OP1010,EXC001,610,122.3,26.3,67,37.2,Yes,Yes
2026-09-23 06:02:56,OP1010,LDR002,618,107.1,27.8,56,37.0,Yes,Yes
2026-09-23 06:02:56,OP1010,BDZ003,661,96.8,29.4,54,37.2,Yes,Yes
2026-09-23 06:02:56,OP1010,GRD004,601,119.9,28.3,61,37.0,Yes,Yes
2026-09-23 06:02:56,OP1002,DMP005,600,115.2,26.6,58,37.1,Yes,Yes
2026-09-23 06:02:56,OP1009,CMP006,604,118.5,26.4,54,37.1,Yes,Yes
2026-09-23 06:02:56,OP1007,EXC007,622,125.2,26.5,40,37.2,Yes,Yes
2026-09-23 06:02:56,OP1002,LDR008,600,103.8,28.0,51,37.2,Yes,Yes
2026-09-23 06:02:57,OP1010,EXC001,612,124.0,26.4,66,37.2,Yes,Yes
2026-09-23 06:02:57,OP1010,LDR002,617,106.3,27.9,57,37.1,Yes,Yes
2026-09-23 06:02:57,OP1010,BDZ003,673,96.4,29.4,53,37.2,Yes,Yes
2026-09-23 06:02:57,OP1010,GRD004,598,119.8,28.4,61,37.0,Yes,Yes
2026-09-23 06:02:57,OP1002,DMP005,596,117.0,26.6,56,37.2,Yes,Yes
2026-09-23 06:02:57,OP1009,CMP006,611,120.4,26.5,55,37.1,Yes,Yes
2026-09-23 06:02:57,OP1007,EXC007,621,127.2,26.6,40,37.2,Yes,Yes
2026-09-23 06:02:57,OP1002,LDR008,600,104.9,28.1,49,37.0,Yes,Yes
2026-09-23 06:02:58,OP1010,EXC001,614,124.2,26.5,65,37.2,Yes,Yes
2026-09-23 06:02:58,OP1010,LDR002,627,105.5,27.8,58,37.1,Yes,Yes
2026-09-23 06:02:58,OP1010,BDZ003,668,95.5,29.4,51,37.2,Yes,Yes
2026-09-23 06:02:58,OP1010,GRD004,598,121.4,28.5,60,37.0,Yes,Yes
2026-09-23 06:02:58,OP1002,DMP005,588,116.2,26.6,56,37.2,Yes,Yes
2026-09-23 06:02:58,OP1009,CMP006,623,120.0,26.5,55,37.1,Yes,Yes
2026-09-23 06:02:58,OP1007,EXC007,623,128.6,26.7,38,37.2,Yes,Yes
2026-09-23 06:02:58,OP1002,LDR008,608,104.8,28.2,47,37.0,Yes,Yes
2026-09-23 06:02:59,OP1010,EXC001,624,124.8,26.6,65,37.2,Yes,Yes
2026-09-23 06:02:59,OP1010,LDR002,632,107.4,27.9,56,37.1,Yes,Yes
2026-09-23 06:02:59,OP1010,BDZ003,678,94.7,29.5,50,37.2,Yes,Yes
2026-09-23 06:02:59,OP1010,GRD004,593,122.6,28.4,62,37.0,Yes,Yes
2026-09-23 06:02:59,OP1002,DMP005,599,118.1,26.6,54,37.2,Yes,Yes
2026-09-23 06:02:59,OP1009,CMP006,624,119.7,26.5,56,37.1,Yes,Yes
2026-09-23 06:02:59,OP1007,EXC007,623,128.7,26.8,40,37.2,Yes,Yes
2026-09-23 06:02:59,OP1002,LDR008,600,104.6,28.3,46,37.0,Yes,Yes
2026-09-23 06:03:00,OP1010,EXC001,627,124.1,26.7,67,37.2,Yes,Yes
2026-09-23 06:03:00,OP1010,LDR002,632,109.0,28.0,54,37.2,Yes,Yes
2026-09-23 06:03:00,OP1010,BDZ003,690,96.5,29.6,48,37.2,Yes,Yes
2026-09-23 06:03:00,OP1010,GRD004,601,123.1,28.5,61,37.0,Yes,Yes
2026-09-23 06:03:00,OP1002,DMP005,600,118.5,26.7,52,37.0,Yes,Yes
2026-09-23 06:03:00,OP1009,CMP006,634,120.9,26.6,57,37.1,Yes,Yes
2026-09-23 06:03:00,OP1007,EXC007,628,127.8,26.9,40,37.2,Yes,Yes
2026-09-23 06:03:00,OP1002,LDR008,605,104.4,28.4,47,37.1,Yes,Yes
2026-09-23 06:03:01,OP1010,EXC001,631,124.7,26.6,68,37.2,Yes,Yes
2026-09-23 06:03:01,OP1010,LDR002,600,110.1,28.0,54,37.0,Yes,Yes
2026-09-23 06:03:01,OP1010,BDZ003,650,97.0,29.6,48,37.1,Yes,Yes
2026-09-23 06:03:01,OP1010,GRD004,596,123.3,28.6,63,37.0,Yes,Yes
2026-09-23 06:03:01,OP1002,DMP005,597,118.3,26.7,50,37.1,Yes,Yes
2026-09-23 06:03:01,OP1009,CMP006,630,121.7,26.6,56,37.1,Yes,Yes
2026-09-23 06:03:01,OP1007,EXC007,632,127.9,26.9,39,37.2,Yes,Yes
2026-09-23 06:03:01,OP1002,LDR008,609,103.5,28.5,47,37.1,Yes,Yes
2026-09-23 06:03:02,OP1010,EXC001,600,125.5,26.6,66,37.1,Yes,Yes
2026-09-23 06:03:02,OP1010,LDR002,596,110.9,28.0,55,37.1,Yes,Yes
2026-09-23 06:03:02,OP1010,BDZ003,659,97.6,29.6,49,37.1,Yes,Yes
2026-09-23 06:03:02,OP1010,GRD004,589,122.6,28.5,62,37.0,Yes,Yes
2026-09-23 06:03:02,OP1002,DMP005,601,119.7,26.7,52,37.1,Yes,Yes
2026-09-23 06:03:02,OP1009,CMP006,639,121.8,26.5,54,37.2,Yes,Yes
2026-09-23 06:03:02,OP1007,EXC007,633,127.9,26.9,39,37.2,Yes,Yes
2026-09-23 06:03:02,OP1002,LDR008,619,105.4,28.6,49,37.1,Yes,Yes
2026-09-23 06:03:03,OP1010,EXC001,601,125.4,26.6,65,37.2,Yes,Yes
2026-09-23 06:03:03,OP1010,LDR002,606,110.3,28.1,55,37.1,Yes,Yes
2026-09-23 06:03:03,OP1010,BDZ003,663,96.9,29.5,51,37.1,Yes,Yes
2026-09-23 06:03:03,OP1010,GRD004,595,124.3,28.5,64,37.0,Yes,Yes
2026-09-23 06:03:03,OP1002,DMP005,610,119.7,26.7,52,37.2,Yes,Yes
2026-09-23 06:03:03,OP1009,CMP006,638,122.0,26.5,52,37.2,Yes,Yes
2026-09-23 06:03:03,OP1007,EXC007,627,129.8,27.0,41,37.2,Yes,Yes
2026-09-23 06:03:03,OP1002,LDR008,629,105.0,28.6,49,37.1,Yes,Yes
2026-09-23 06:03:04,OP1010,EXC001,612,126.9,26.7,67,37.2,Yes,Yes
2026-09-23 06:03:04,OP1010,LDR002,606,110.5,28.1,53,37.1,Yes,Yes
2026-09-23 06:03:04,OP1010,BDZ003,665,96.8,29.5,52,37.1,Yes,Yes
2026-09-23 06:03:04,OP1010,GRD004,588,126.1,28.6,62,37.0,Yes,Yes
2026-09-23 06:03:04,OP1002,DMP005,604,121.4,26.8,52,37.2,Yes,Yes
2026-09-23 06:03:04,OP1009,CMP006,646,121.1,26.6,50,37.2,Yes,Yes
2026-09-23 06:03:04,OP1007,EXC007,632,130.8,27.1,40,37.2,Yes,Yes
2026-09-23 06:03:04,OP1002,LDR008,624,105.3,28.6,49,37.2,Yes,Yes
2026-09-23 06:03:05,OP1010,EXC001,600,127.7,26.6,68,37.2,Yes,Yes
2026-09-23 06:03:05,OP1010,LDR002,600,112.3,28.2,55,37.2,Yes,Yes
2026-09-23 06:03:05,OP1010,BDZ003,666,95.9,29.6,50,37.1,Yes,Yes
2026-09-23 06:03:05,OP1010,GRD004,586,125.8,28.7,60,37.0,Yes,Yes
2026-09-23 06:03:05,OP1002,DMP005,610,121.6,26.9,54,37.2,Yes,Yes
2026-09-23 06:03:05,OP1009,CMP006,638,121.2,26.6,49,37.2,Yes,Yes
2026-09-23 06:03:05,OP1007,EXC007,632,132.0,27.2,42,37.2,Yes,Yes
2026-09-23 06:03:05,OP1002,LDR008,620,105.8,28.6,51,37.2,Yes,Yes
2026-09-23 06:03:06,OP1010,EXC001,600,127.5,26.6,67,37.2,Yes,Yes
2026-09-23 06:03:06,OP1010,LDR002,607,111.5,28.2,57,37.2,Yes,Yes
2026-09-23 06:03:06,OP1010,BDZ003,670,96.2,29.7,51,37.1,Yes,Yes
2026-09-23 06:03:06,OP1010,GRD004,593,127.1,28.7,61,37.0,Yes,Yes
2026-09-23 06:03:06,OP1002,DMP005,613,120.7,27.0,55,37.2,Yes,Yes
2026-09-23 06:03:06,OP1009,CMP006,645,123.0,26.7,47,37.2,Yes,Yes
2026-09-23 06:03:06,OP1007,EXC007,631,133.8,27.3,44,37.2,Yes,Yes
2026-09-23 06:03:06,OP1002,LDR008,628,106.1,28.7,51,37.2,Yes,Yes
2026-09-23 06:03:07,OP1010,EXC001,603,127.4,26.6,67,37.2,Yes,Yes
2026-09-23 06:03:07,OP1010,LDR002,601,111.6,28.2,56,37.2,Yes,Yes
2026-09-23 06:03:07,OP1010,BDZ003,678,96.2,29.8,53,37.1,Yes,Yes
2026-09-23 06:03:07,OP1010,GRD004,602,128.8,28.8,59,37.0,Yes,Yes
2026-09-23 06:03:07,OP1002,DMP005,600,119.7,26.9,55,37.0,Yes,Yes
2026-09-23 06:03:07,OP1009,CMP006,645,124.9,26.7,48,37.2,Yes,Yes
2026-09-23 06:03:07,OP1007,EXC007,643,133.4,27.3,45,37.2,Yes,Yes
2026-09-23 06:03:07,OP1002,LDR008,639,106.3,28.7,50,37.2,Yes,Yes
2026-09-23 06:03:08,OP1010,EXC001,598,127.0,26.6,65,37.2,Yes,Yes
2026-09-23 06:03:08,OP1010,LDR002,610,110.8,28.2,55,37.2,Yes,Yes
2026-09-23 06:03:08,OP1010,BDZ003,682,97.4,29.8,54,37.1,Yes,Yes
2026-09-23 06:03:08,OP1010,GRD004,606,129.9,28.7,59,37.1,Yes,Yes
2026-09-23 06:03:08,OP1002,DMP005,592,119.1,26.9,55,37.0,Yes,Yes
2026-09-23 06:03:08,OP1009,CMP006,637,125.6,26.6,48,37.2,Yes,Yes
2026-09-23 06:03:08,OP1007,EXC007,600,132.9,27.3,44,37.0,Yes,Yes
2026-09-23 06:03:08,OP1002,LDR008,632,107.8,28.6,49,37.2,Yes,Yes
2026-09-23 06:03:09,OP1010,EXC001,595,127.4,26.7,66,37.2,Yes,Yes
2026-09-23 06:03:09,OP1010,LDR002,611,111.1,28.3,55,37.2,Yes,Yes
2026-09-23 06:03:09,OP1010,BDZ003,677,97.3,29.9,53,37.1,Yes,Yes
2026-09-23 06:03:09,OP1010,GRD004,617,129.7,28.8,61,37.2,Yes,Yes
2026-09-23 06:03:09,OP1002,DMP005,592,119.9,27.0,54,37.1,Yes,Yes
2026-09-23 06:03:09,OP1009,CMP006,632,125.8,26.5,48,37.2,Yes,Yes
2026-09-23 06:03:09,OP1007,EXC007,607,134.6,27.3,46,37.0,Yes,Yes
2026-09-23 06:03:09,OP1002,LDR008,600,108.5,28.7,48,37.0,Yes,Yes
2026-09-23 06:03:10,OP1010,EXC001,603,129.0,26.8,67,37.2,Yes,Yes
2026-09-23 06:03:10,OP1010,LDR002,619,112.7,28.4,55,37.2,Yes,Yes
2026-09-23 06:03:10,OP1010,BDZ003,674,98.7,29.8,54,37.1,Yes,Yes
2026-09-23 06:03:10,OP1010,GRD004,627,131.2,28.9,62,37.2,Yes,Yes
2026-09-23 06:03:10,OP1002,DMP005,601,119.0,26.9,56,37.1,Yes,Yes
2026-09-23 06:03:10,OP1009,CMP006,630,126.0,26.5,49,37.2,Yes,Yes
2026-09-23 06:03:10,OP1007,EXC007,608,135.9,27.4,47,37.0,Yes,Yes
2026-09-23 06:03:10,OP1002,LDR008,607,110.2,28.7,49,37.1,Yes,Yes
2026-09-23 06:03:11,OP1010,EXC001,596,130.1,26.9,66,37.2,Yes,Yes
2026-09-23 06:03:11,OP1010,LDR002,615,114.6,28.3,55,37.2,Yes,Yes
2026-09-23 06:03:11,OP1010,BDZ003,671,99.8,29.7,54,37.1,Yes,Yes
2026-09-23 06:03:11,OP1010,GRD004,600,130.4,29.0,60,37.1,Yes,Yes
2026-09-23 06:03:11,OP1002,DMP005,599,120.3,26.9,55,37.1,Yes,Yes
2026-09-23 06:03:11,OP1009,CMP006,632,128.0,26.6,51,37.2,Yes,Yes
2026-09-23 06:03:11,OP1007,EXC007,619,135.8,27.5,47,37.0,Yes,Yes
2026-09-23 06:03:11,OP1002,LDR008,601,110.7,28.8,48,37.1,Yes,Yes
2026-09-23 06:03:12,OP1010,EXC001,600,129.2,26.9,64,37.2,Yes,Yes
2026-09-23 06:03:12,OP1010,LDR002,620,115.4,28.3,54,37.2,Yes,Yes
2026-09-23 06:03:12,OP1010,BDZ003,664,99.5,29.8,56,37.1,Yes,Yes
2026-09-23 06:03:12,OP1010,GRD004,602,130.8,29.1,58,37.1,Yes,Yes
2026-09-23 06:03:12,OP1002,DMP005,592,121.0,26.9,57,37.1,Yes,Yes
2026-09-23 06:03:12,OP1009,CMP006,644,128.0,26.7,51,37.2,Yes,Yes
2026-09-23 06:03:12,OP1007,EXC007,624,134.9,27.6,49,37.1,Yes,Yes
2026-09-23 06:03:12,OP1002,LDR008,599,112.3,28.9,48,37.1,Yes,Yes
2026-09-23 06:03:13,OP1010,EXC001,604,130.3,27.0,62,37.2,Yes,Yes
2026-09-23 06:03:13,OP1010,LDR002,600,117.2,28.4,54,37.2,Yes,Yes
2026-09-23 06:03:13,OP1010,BDZ003,659,101.3,29.8,58,37.1,Yes,Yes
2026-09-23 06:03:13,OP1010,GRD004,599,131.4,29.2,59,37.1,Yes,Yes
2026-09-23 06:03:13,OP1002,DMP005,592,122.0,27.0,55,37.1,Yes,Yes
2026-09-23 06:03:13,OP1009,CMP006,648,127.3,26.8,53,37.2,Yes,Yes
2026-09-23 06:03:13,OP1007,EXC007,616,136.3,27.7,49,37.1,Yes,Yes
2026-09-23 06:03:13,OP1002,LDR008,607,113.5,29.0,48,37.1,Yes,Yes
2026-09-23 06:03:14,OP1010,EXC001,612,131.6,26.9,61,37.2,Yes,Yes
2026-09-23 06:03:14,OP1010,LDR002,600,117.3,28.4,53,37.0,Yes,Yes
2026-09-23 06:03:14,OP1010,BDZ003,669,100.6,29.9,56,37.2,Yes,Yes
2026-09-23 06:03:14,OP1010,GRD004,591,132.7,29.3,61,37.1,Yes,Yes
2026-09-23 06:03:14,OP1002,DMP005,601,121.5,26.9,55,37.1,Yes,Yes
2026-09-23 06:03:14,OP1009,CMP006,644,128.2,26.8,55,37.2,Yes,Yes
2026-09-23 06:03:14,OP1007,EXC007,619,136.9,27.6,48,37.2,Yes,Yes
2026-09-23 06:03:14,OP1002,LDR008,616,113.4,29.1,48,37.1,Yes,Yes
2026-09-23 06:03:15,OP1010,EXC001,604,132.2,26.8,63,37.2,Yes,Yes
2026-09-23 06:03:15,OP1010,LDR002,601,117.3,28.3,51,37.0,Yes,Yes
2026-09-23 06:03:15,OP1010,BDZ003,680,101.4,30.0,57,37.2,Yes,Yes
2026-09-23 06:03:15,OP1010,GRD004,590,133.0,29.4,59,37.1,Yes,Yes
2026-09-23 06:03:15,OP1002,DMP005,603,122.6,27.0,55,37.1,Yes,Yes
2026-09-23 06:03:15,OP1009,CMP006,645,128.0,26.8,57,37.2,Yes,Yes
2026-09-23 06:03:15,OP1007,EXC007,623,136.1,27.7,46,37.2,Yes,Yes
2026-09-23 06:03:15,OP1002,LDR008,626,114.8,29.0,49,37.1,Yes,Yes
2026-09-23 06:03:16,OP1010,EXC001,607,132.9,26.9,63,37.2,Yes,Yes
2026-09-23 06:03:16,OP1010,LDR002,594,118.4,28.3,51,37.0,Yes,Yes
2026-09-23 06:03:16,OP1010,BDZ003,651,100.7,30.0,59,37.1,Yes,Yes
2026-09-23 06:03:16,OP1010,GRD004,599,133.4,29.3,61,37.1,Yes,Yes
2026-09-23 06:03:16,OP1002,DMP005,614,122.6,27.0,54,37.1,Yes,Yes
2026-09-23 06:03:16,OP1009,CMP006,600,129.1,26.7,58,37.1,Yes,Yes
2026-09-23 06:03:16,OP1007,EXC007,621,137.4,27.8,48,37.2,Yes,Yes
2026-09-23 06:03:16,OP1002,LDR008,619,114.2,29.0,50,37.2,Yes,Yes
2026-09-23 06:03:17,OP1010,EXC001,612,133.4,27.0,65,37.2,Yes,Yes
2026-09-23 06:03:17,OP1010,LDR002,598,117.6,28.4,51,37.0,Yes,Yes
2026-09-23 06:03:17,OP1010,BDZ003,649,100.4,30.0,57,37.1,Yes,Yes
2026-09-23 06:03:17,OP1010,GRD004,595,135.0,29.3,63,37.1,Yes,Yes
2026-09-23 06:03:17,OP1002,DMP005,619,123.4,26.9,53,37.1,Yes,Yes
2026-09-23 06:03:17,OP1009,CMP006,610,131.1,26.8,59,37.1,Yes,Yes
2026-09-23 06:03:17,OP1007,EXC007,631,139.1,27.8,47,37.2,Yes,Yes
2026-09-23 06:03:17,OP1002,LDR008,618,114.6,29.1,51,37.2,Yes,Yes
2026-09-23 06:03:18,OP1010,EXC001,618,132.8,27.0,64,37.2,Yes,Yes
2026-09-23 06:03:18,OP1010,LDR002,602,118.4,28.4,49,37.0,Yes,Yes
2026-09-23 06:03:18,OP1010,BDZ003,654,101.5,29.9,56,37.1,Yes,Yes
2026-09-23 06:03:18,OP1010,GRD004,605,135.5,29.3,64,37.1,Yes,Yes
2026-09-23 06:03:18,OP1002,DMP005,625,125.1,27.0,55,37.1,Yes,Yes
2026-09-23 06:03:18,OP1009,CMP006,602,130.8,26.9,58,37.1,Yes,Yes
2026-09-23 06:03:18,OP1007,EXC007,600,139.0,27.9,49,37.0,Yes,Yes
2026-09-23 06:03:18,OP1002,LDR008,630,114.0,29.1,50,37.2,Yes,Yes
2026-09-23 06:03:19,OP1010,EXC001,620,133.4,27.1,64,37.2,Yes,Yes
2026-09-23 06:03:19,OP1010,LDR002,611,117.7,28.5,49,37.1,Yes,Yes
2026-09-23 06:03:19,OP1010,BDZ003,647,102.1,30.0,55,37.1,Yes,Yes
2026-09-23 06:03:19,OP1010,GRD004,600,134.6,29.3,63,37.1,Yes,Yes
2026-09-23 06:03:19,OP1002,DMP005,618,124.2,27.1,56,37.1,Yes,Yes
2026-09-23 06:03:19,OP1009,CMP006,601,130.1,26.8,59,37.1,Yes,Yes
2026-09-23 06:03:19,OP1007,EXC007,603,138.7,28.0,47,37.0,Yes,Yes
2026-09-23 06:03:19,OP1002,LDR008,634,115.6,29.2,50,37.2,Yes,Yes
2026-09-23 06:03:20,OP1010,EXC001,622,134.8,27.1,64,37.2,Yes,Yes
2026-09-23 06:03:20,OP1010,LDR002,618,118.7,28.5,47,37.1,Yes,Yes
2026-09-23 06:03:20,OP1010,BDZ003,645,101.1,29.9,53,37.1,Yes,Yes
2026-09-23 06:03:20,OP1010,GRD004,605,134.1,29.2,61,37.1,Yes,Yes
2026-09-23 06:03:20,OP1002,DMP005,629,125.0,27.2,54,37.1,Yes,Yes
2026-09-23 06:03:20,OP1009,CMP006,604,130.3,26.8,57,37.2,Yes,Yes
2026-09-23 06:03:20,OP1007,EXC007,595,140.7,27.9,49,37.0,Yes,Yes
2026-09-23 06:03:20,OP1002,LDR008,642,117.1,29.3,51,37.2,Yes,Yes
2026-09-23 06:03:21,OP1010,EXC001,600,134.3,27.2,64,37.1,Yes,Yes
2026-09-23 06:03:21,OP1010,LDR002,629,120.7,28.5,45,37.1,Yes,Yes
2026-09-23 06:03:21,OP1010,BDZ003,657,100.8,30.0,53,37.1,Yes,Yes
2026-09-23 06:03:21,OP1010,GRD004,606,134.2,29.3,63,37.1,Yes,Yes
2026-09-23 06:03:21,OP1002,DMP005,622,126.1,27.3,56,37.2,Yes,Yes
2026-09-23 06:03:21,OP1009,CMP006,603,129.4,26.8,59,37.2,Yes,Yes
2026-09-23 06:03:21,OP1007,EXC007,590,140.6,28.0,47,37.0,Yes,Yes
2026-09-23 06:03:21,OP1002,LDR008,644,118.8,29.4,53,37.2,Yes,Yes
2026-09-23 06:03:22,OP1010,EXC001,611,136.3,27.3,65,37.2,Yes,Yes
2026-09-23 06:03:22,OP1010,LDR002,635,121.5,28.6,43,37.2,Yes,Yes
2026-09-23 06:03:22,OP1010,BDZ003,665,102.6,30.0,51,37.2,Yes,Yes
2026-09-23 06:03:22,OP1010,GRD004,609,133.2,29.4,61,37.1,Yes,Yes
2026-09-23 06:03:22,OP1002,DMP005,616,127.7,27.4,56,37.2,Yes,Yes
2026-09-23 06:03:22,OP1009,CMP006,597,129.0,26.8,59,37.2,Yes,Yes
2026-09-23 06:03:22,OP1007,EXC007,592,139.9,27.9,49,37.0,Yes,Yes
2026-09-23 06:03:22,OP1002,LDR008,607,119.8,29.5,55,37.1,Yes,Yes
2026-09-23 06:03:23,OP1010,EXC001,603,135.4,27.4,63,37.2,Yes,Yes
2026-09-23 06:03:23,OP1010,LDR002,627,122.5,28.7,44,37.2,Yes,Yes
2026-09-23 06:03:23,OP1010,BDZ003,674,102.1,30.1,53,37.2,Yes,Yes
2026-09-23 06:03:23,OP1010,GRD004,621,134.6,29.5,60,37.1,Yes,Yes
2026-09-23 06:03:23,OP1002,DMP005,610,129.1,27.5,55,37.2,Yes,Yes
2026-09-23 06:03:23,OP1009,CMP006,600,130.9,26.9,58,37.1,Yes,Yes
2026-09-23 06:03:23,OP1007,EXC007,590,141.6,28.0,48,37.0,Yes,Yes
2026-09-23 06:03:23,OP1002,LDR008,604,120.4,29.6,53,37.1,Yes,Yes
2026-09-23 06:03:24,OP1010,EXC001,604,134.6,27.4,62,37.2,Yes,Yes
2026-09-23 06:03:24,OP1010,LDR002,620,122.7,28.6,42,37.2,Yes,Yes
2026-09-23 06:03:24,OP1010,BDZ003,684,102.3,30.0,54,37.2,Yes,Yes
2026-09-23 06:03:24,OP1010,GRD004,617,134.1,29.5,59,37.1,Yes,Yes
2026-09-23 06:03:24,OP1002,DMP005,614,129.8,27.5,55,37.2,Yes,Yes
2026-09-23 06:03:24,OP1009,CMP006,595,132.3,27.0,60,37.1,Yes,Yes
2026-09-23 06:03:24,OP1007,EXC007,601,143.1,28.1,47,37.0,Yes,Yes
2026-09-23 06:03:24,OP1002,LDR008,600,122.1,29.6,54,37.1,Yes,Yes
2026-09-23 06:03:25,OP1010,EXC001,603,136.0,27.5,60,37.2,Yes,Yes
2026-09-23 06:03:25,OP1010,LDR002,631,123.8,28.6,42,37.2,Yes,Yes
2026-09-23 06:03:25,OP1010,BDZ003,689,104.1,30.0,55,37.2,Yes,Yes
2026-09-23 06:03:25,OP1010,GRD004,612,134.9,29.4,60,37.1,Yes,Yes
2026-09-23 06:03:25,OP1002,DMP005,623,129.5,27.4,56,37.2,Yes,Yes
2026-09-23 06:03:25,OP1009,CMP006,595,133.9,26.9,58,37.1,Yes,Yes
2026-09-23 06:03:25,OP1007,EXC007,608,142.7,28.2,47,37.0,Yes,Yes
2026-09-23 06:03:25,OP1002,LDR008,608,123.1,29.6,54,37.1,Yes,Yes
2026-09-23 06:03:26,OP1010,EXC001,605,136.4,27.4,60,37.2,Yes,Yes
2026-09-23 06:03:26,OP1010,LDR002,625,124.8,28.7,40,37.2,Yes,Yes
2026-09-23 06:03:26,OP1010,BDZ003,688,105.7,30.0,54,37.2,Yes,Yes
2026-09-23 06:03:26,OP1010,GRD004,616,135.1,29.5,60,37.1,Yes,Yes
2026-09-23 06:03:26,OP1002,DMP005,618,129.4,27.5,54,37.2,Yes,Yes
2026-09-23 06:03:26,OP1009,CMP006,602,135.6,26.8,58,37.1,Yes,Yes
2026-09-23 06:03:26,OP1007,EXC007,603,143.4,28.2,47,37.0,Yes,Yes
2026-09-23 06:03:26,OP1002,LDR008,613,123.6,29.6,55,37.1,Yes,Yes
2026-09-23 06:03:27,OP1010,EXC001,613,137.6,27.5,62,37.2,Yes,Yes
2026-09-23 06:03:27,OP1010,LDR002,622,124.9,28.7,42,37.2,Yes,Yes
2026-09-23 06:03:27,OP1010,BDZ003,696,105.3,30.0,53,37.2,Yes,Yes
2026-09-23 06:03:27,OP1010,GRD004,623,134.3,29.6,60,37.1,Yes,Yes
2026-09-23 06:03:27,OP1002,DMP005,600,128.8,27.6,53,37.2,Yes,Yes
2026-09-23 06:03:27,OP1009,CMP006,596,136.3,26.7,58,37.1,Yes,Yes
2026-09-23 06:03:27,OP1007,EXC007,603,143.0,28.1,47,37.1,Yes,Yes
2026-09-23 06:03:27,OP1002,LDR008,624,123.3,29.6,57,37.2,Yes,Yes
2026-09-23 06:03:28,OP1010,EXC001,608,138.2,27.5,64,37.2,Yes,Yes
2026-09-23 06:03:28,OP1010,LDR002,615,124.1,28.8,40,37.2,Yes,Yes
2026-09-23 06:03:28,OP1010,BDZ003,703,105.3,30.1,55,37.2,Yes,Yes
2026-09-23 06:03:28,OP1010,GRD004,634,135.4,29.6,60,37.1,Yes,Yes
2026-09-23 06:03:28,OP1002,DMP005,607,128.9,27.6,53,37.2,Yes,Yes
2026-09-23 06:03:28,OP1009,CMP006,606,135.4,26.6,56,37.1,Yes,Yes
2026-09-23 06:03:28,OP1007,EXC007,609,144.5,28.0,48,37.2,Yes,Yes
2026-09-23 06:03:28,OP1002,LDR008,624,123.7,29.6,59,37.2,Yes,Yes
2026-09-23 06:03:29,OP1010,EXC001,612,137.6,27.6,65,37.2,Yes,Yes
2026-09-23 06:03:29,OP1010,LDR002,610,125.8,28.9,39,37.2,Yes,Yes
2026-09-23 06:03:29,OP1010,BDZ003,639,104.8,30.2,56,37.2,Yes,Yes
2026-09-23 06:03:29,OP1010,GRD004,630,136.9,29.5,58,37.1,Yes,Yes
2026-09-23 06:03:29,OP1002,DMP005,607,130.5,27.7,51,37.2,Yes,Yes
2026-09-23 06:03:29,OP1009,CMP006,607,134.9,26.7,54,37.1,Yes,Yes
2026-09-23 06:03:29,OP1007,EXC007,600,143.8,28.1,48,37.1,Yes,Yes
2026-09-23 06:03:29,OP1002,LDR008,620,122.9,29.6,58,37.2,Yes,Yes
2026-09-23 06:03:30,OP1010,EXC001,611,138.8,27.7,66,37.2,Yes,Yes
2026-09-23 06:03:30,OP1010,LDR002,600,125.6,29.0,41,37.0,Yes,Yes
2026-09-23 06:03:30,OP1010,BDZ003,644,103.8,30.3,54,37.2,Yes,Yes
2026-09-23 06:03:30,OP1010,GRD004,631,137.3,29.5,56,37.2,Yes,Yes
2026-09-23 06:03:30,OP1002,DMP005,600,130.8,27.8,49,37.1,Yes,Yes
2026-09-23 06:03:30,OP1009,CMP006,616,136.7,26.7,55,37.2,Yes,Yes
2026-09-23 06:03:30,OP1007,EXC007,607,143.8,28.0,48,37.1,Yes,Yes
2026-09-23 06:03:30,OP1002,LDR008,627,123.7,29.6,58,37.2,Yes,Yes
2026-09-23 06:03:31,OP1010,EXC001,612,138.2,27.6,64,37.2,Yes,Yes
2026-09-23 06:03:31,OP1010,LDR002,602,124.9,29.0,42,37.0,Yes,Yes
2026-09-23 06:03:31,OP1010,BDZ003,638,103.4,30.4,53,37.2,Yes,Yes
2026-09-23 06:03:31,OP1010,GRD004,623,138.6,29.5,58,37.2,Yes,Yes
2026-09-23 06:03:31,OP1002,DMP005,594,131.5,27.8,48,37.2,Yes,Yes
2026-09-23 06:03:31,OP1009,CMP006,600,138.3,26.8,53,37.2,Yes,Yes
2026-09-23 06:03:31,OP1007,EXC007,609,145.7,28.0,49,37.2,Yes,Yes
2026-09-23 06:03:31,OP1002,LDR008,600,123.5,29.7,59,37.1,Yes,Yes
2026-09-23 06:03:32,OP1010,EXC001,600,138.1,27.7,64,37.1,Yes,Yes
2026-09-23 06:03:32,OP1010,LDR002,608,125.7,29.1,43,37.0,Yes,Yes
2026-09-23 06:03:32,OP1010,BDZ003,637,104.9,30.3,55,37.2,Yes,Yes
2026-09-23 06:03:32,OP1010,GRD004,620,139.5,29.5,56,37.2,Yes,Yes
2026-09-23 06:03:32,OP1002,DMP005,600,133.5,27.8,49,37.0,Yes,Yes
2026-09-23 06:03:32,OP1009,CMP006,601,138.1,26.9,52,37.2,Yes,Yes
2026-09-23 06:03:32,OP1007,EXC007,600,145.4,28.1,51,37.2,Yes,Yes
2026-09-23 06:03:32,OP1002,LDR008,600,125.4,29.8,59,37.1,Yes,Yes
2026-09-23 06:03:33,OP1010,EXC001,597,139.3,27.8,62,37.1,Yes,Yes
2026-09-23 06:03:33,OP1010,LDR002,601,126.7,29.2,45,37.1,Yes,Yes
2026-09-23 06:03:33,OP1010,BDZ003,636,106.1,30.2,57,37.2,Yes,Yes
2026-09-23 06:03:33,OP1010,GRD004,619,140.0,29.5,56,37.2,Yes,Yes
2026-09-23 06:03:33,OP1002,DMP005,597,133.6,27.9,51,37.0,Yes,Yes
2026-09-23 06:03:33,OP1009,CMP006,603,140.1,26.9,51,37.2,Yes,Yes
2026-09-23 06:03:33,OP1007,EXC007,601,146.5,28.1,50,37.2,Yes,Yes
2026-09-23 06:03:33,OP1002,LDR008,604,125.7,29.9,58,37.1,Yes,Yes
2026-09-23 06:03:34,OP1010,EXC001,595,138.7,27.7,64,37.2,Yes,Yes
2026-09-23 06:03:34,OP1010,LDR002,613,125.8,29.2,43,37.1,Yes,Yes
2026-09-23 06:03:34,OP1010,BDZ003,630,106.3,30.2,55,37.2,Yes,Yes
2026-09-23 06:03:34,OP1010,GRD004,618,141.2,29.5,54,37.2,Yes,Yes
2026-09-23 06:03:34,OP1002,DMP005,589,134.8,28.0,50,37.0,Yes,Yes
2026-09-23 06:03:34,OP1009,CMP006,601,141.2,26.8,49,37.2,Yes,Yes
2026-09-23 06:03:34,OP1007,EXC007,600,146.1,28.1,51,37.1,Yes,Yes
2026-09-23 06:03:34,OP1002,LDR008,606,127.1,30.0,56,37.1,Yes,Yes
2026-09-23 06:03:35,OP1010,EXC001,607,137.9,27.7,62,37.2,Yes,Yes
2026-09-23 06:03:35,OP1010,LDR002,617,127.7,29.3,42,37.1,Yes,Yes
2026-09-23 06:03:35,OP1010,BDZ003,637,106.6,30.1,53,37.2,Yes,Yes
2026-09-23 06:03:35,OP1010,GRD004,600,141.1,29.4,52,37.2,Yes,Yes
2026-09-23 06:03:35,OP1002,DMP005,583,134.9,28.0,49,37.0,Yes,Yes
2026-09-23 06:03:35,OP1009,CMP006,600,140.5,26.7,51,37.1,Yes,Yes
2026-09-23 06:03:35,OP1007,EXC007,598,148.1,28.1,49,37.1,Yes,Yes
2026-09-23 06:03:35,OP1002,LDR008,617,126.9,30.0,55,37.1,Yes,Yes
2026-09-23 06:03:36,OP1010,EXC001,600,137.7,27.7,63,37.2,Yes,Yes
2026-09-23 06:03:36,OP1010,LDR002,609,126.7,29.4,40,37.1,Yes,Yes
2026-09-23 06:03:36,OP1010,BDZ003,649,105.6,30.2,52,37.2,Yes,Yes
2026-09-23 06:03:36,OP1010,GRD004,595,142.3,29.3,53,37.2,Yes,Yes
2026-09-23 06:03:36,OP1002,DMP005,592,135.5,27.9,50,37.1,Yes,Yes
2026-09-23 06:03:36,OP1009,CMP006,594,141.9,26.7,49,37.1,Yes,Yes
2026-09-23 06:03:36,OP1007,EXC007,594,148.2,28.2,50,37.2,Yes,Yes
2026-09-23 06:03:36,OP1002,LDR008,622,128.2,30.0,55,37.1,Yes,Yes
2026-09-23 06:03:37,OP1010,EXC001,609,139.0,27.6,62,37.2,Yes,Yes
2026-09-23 06:03:37,OP1010,LDR002,612,127.0,29.3,39,37.1,Yes,Yes
2026-09-23 06:03:37,OP1010,BDZ003,658,105.3,30.3,52,37.2,Yes,Yes
2026-09-23 06:03:37,OP1010,GRD004,600,143.4,29.4,54,37.2,Yes,Yes
2026-09-23 06:03:37,OP1002,DMP005,585,135.2,28.0,51,37.1,Yes,Yes
2026-09-23 06:03:37,OP1009,CMP006,589,142.6,26.6,47,37.1,Yes,Yes
2026-09-23 06:03:37,OP1007,EXC007,599,149.5,28.3,49,37.2,Yes,Yes
2026-09-23 06:03:37,OP1002,LDR008,627,128.5,29.9,56,37.1,Yes,Yes
2026-09-23 06:03:38,OP1010,EXC001,613,138.5,27.5,63,37.2,Yes,Yes
2026-09-23 06:03:38,OP1010,LDR002,620,126.2,29.4,39,37.1,Yes,Yes
2026-09-23 06:03:38,OP1010,BDZ003,652,107.2,30.3,53,37.2,Yes,Yes
2026-09-23 06:03:38,OP1010,GRD004,600,142.7,29.4,56,37.1,Yes,Yes
2026-09-23 06:03:38,OP1002,DMP005,589,135.3,28.0,49,37.1,Yes,Yes
2026-09-23 06:03:38,OP1009,CMP006,590,142.5,26.7,46,37.2,Yes,Yes
2026-09-23 06:03:38,OP1007,EXC007,600,148.6,28.2,50,37.1,Yes,Yes
2026-09-23 06:03:38,OP1002,LDR008,638,130.2,30.0,54,37.1,Yes,Yes
2026-09-23 06:03:39,OP1010,EXC001,600,138.3,27.5,63,37.1,Yes,Yes
2026-09-23 06:03:39,OP1010,LDR002,629,128.1,29.5,37,37.1,Yes,Yes
2026-09-23 06:03:39,OP1010,BDZ003,647,107.3,30.3,51,37.2,Yes,Yes
2026-09-23 06:03:39,OP1010,GRD004,595,143.0,29.4,57,37.2,Yes,Yes
2026-09-23 06:03:39,OP1002,DMP005,585,136.2,28.1,47,37.1,Yes,Yes
2026-09-23 06:03:39,OP1009,CMP006,596,143.2,26.6,48,37.2,Yes,Yes
2026-09-23 06:03:39,OP1007,EXC007,608,148.1,28.3,51,37.2,Yes,Yes
2026-09-23 06:03:39,OP1002,LDR008,631,131.7,30.0,56,37.1,Yes,Yes
2026-09-23 06:03:40,OP1010,EXC001,600,140.1,27.5,65,37.1,Yes,Yes
2026-09-23 06:03:40,OP1010,LDR002,641,130.0,29.6,36,37.1,Yes,Yes
2026-09-23 06:03:40,OP1010,BDZ003,657,107.9,30.4,50,37.2,Yes,Yes
2026-09-23 06:03:40,OP1010,GRD004,591,144.4,29.5,59,37.2,Yes,Yes
2026-09-23 06:03:40,OP1002,DMP005,590,137.0,28.0,49,37.1,Yes,Yes
2026-09-23 06:03:40,OP1009,CMP006,608,144.7,26.5,47,37.2,Yes,Yes
2026-09-23 06:03:40,OP1007,EXC007,618,147.8,28.2,53,37.2,Yes,Yes
2026-09-23 06:03:40,OP1002,LDR008,624,133.2,30.0,55,37.2,Yes,Yes
2026-09-23 06:03:41,OP1010,EXC001,602,140.2,27.4,66,37.1,Yes,Yes
2026-09-23 06:03:41,OP1010,LDR002,644,131.1,29.7,36,37.1,Yes,Yes
2026-09-23 06:03:41,OP1010,BDZ003,658,109.9,30.4,48,37.2,Yes,Yes
2026-09-23 06:03:41,OP1010,GRD004,586,144.4,29.5,59,37.2,Yes,Yes
2026-09-23 06:03:41,OP1002,DMP005,582,136.4,28.0,51,37.2,Yes,Yes
2026-09-23 06:03:41,OP1009,CMP006,600,146.4,26.5,46,37.2,Yes,Yes
2026-09-23 06:03:41,OP1007,EXC007,600,149.6,28.2,52,37.1,Yes,Yes
2026-09-23 06:03:41,OP1002,LDR008,618,134.2,30.0,56,37.2,Yes,Yes
2026-09-23 06:03:42,OP1010,EXC001,611,140.8,27.3,64,37.1,Yes,Yes
2026-09-23 06:03:42,OP1010,LDR002,646,130.2,29.7,35,37.1,Yes,Yes
2026-09-23 06:03:42,OP1010,BDZ003,654,110.5,30.4,49,37.2,Yes,Yes
2026-09-23 06:03:42,OP1010,GRD004,581,146.1,29.6,60,37.2,Yes,Yes
2026-09-23 06:03:42,OP1002,DMP005,579,135.8,28.1,49,37.2,Yes,Yes
2026-09-23 06:03:42,OP1009,CMP006,611,146.5,26.5,48,37.2,Yes,Yes
2026-09-23 06:03:42,OP1007,EXC007,594,149.5,28.2,50,37.1,Yes,Yes
2026-09-23 06:03:42,OP1002,LDR008,614,134.8,30.0,55,37.2,Yes,Yes
2026-09-23 06:03:43,OP1010,EXC001,608,140.3,27.4,65,37.1,Yes,Yes
2026-09-23 06:03:43,OP1010,LDR002,651,129.2,29.7,37,37.2,Yes,Yes
2026-09-23 06:03:43,OP1010,BDZ003,651,109.9,30.4,47,37.2,Yes,Yes
2026-09-23 06:03:43,OP1010,GRD004,600,146.2,29.5,62,37.1,Yes,Yes
2026-09-23 06:03:43,OP1002,DMP005,575,136.9,28.1,48,37.2,Yes,Yes
2026-09-23 06:03:43,OP1009,CMP006,615,145.7,26.5,50,37.2,Yes,Yes
2026-09-23 06:03:43,OP1007,EXC007,587,150.1,28.3,52,37.1,Yes,Yes
2026-09-23 06:03:43,OP1002,LDR008,600,134.3,30.0,57,37.1,Yes,Yes
2026-09-23 06:03:44,OP1010,EXC001,614,142.1,27.3,64,37.1,Yes,Yes
2026-09-23 06:03:44,OP1010,LDR002,643,128.4,29.7,39,37.2,Yes,Yes
2026-09-23 06:03:44,OP1010,BDZ003,657,110.6,30.5,49,37.2,Yes,Yes
2026-09-23 06:03:44,OP1010,GRD004,595,147.8,29.5,63,37.1,Yes,Yes
2026-09-23 06:03:44,OP1002,DMP005,581,137.0,28.1,50,37.2,Yes,Yes
2026-09-23 06:03:44,OP1009,CMP006,600,145.6,26.4,51,37.1,Yes,Yes
2026-09-23 06:03:44,OP1007,EXC007,583,150.4,28.4,53,37.2,Yes,Yes
2026-09-23 06:03:44,OP1002,LDR008,593,134.6,30.0,57,37.1,Yes,Yes
2026-09-23 06:03:45,OP1010,EXC001,626,142.1,27.2,62,37.1,Yes,Yes
2026-09-23 06:03:45,OP1010,LDR002,652,127.5,29.7,39,37.2,Yes,Yes
2026-09-23 06:03:45,OP1010,BDZ003,654,111.6,30.5,49,37.2,Yes,Yes
2026-09-23 06:03:45,OP1010,GRD004,607,148.2,29.6,65,37.1,Yes,Yes
2026-09-23 06:03:45,OP1002,DMP005,576,136.1,28.2,51,37.2,Yes,Yes
2026-09-23 06:03:45,OP1009,CMP006,604,145.1,26.4,51,37.1,Yes,Yes
2026-09-23 06:03:45,OP1007,EXC007,600,150.2,28.5,52,37.0,Yes,Yes
2026-09-23 06:03:45,OP1002,LDR008,586,136.5,30.1,59,37.2,Yes,Yes
2026-09-23 06:03:46,OP1010,EXC001,623,141.7,27.3,64,37.1,Yes,Yes
2026-09-23 06:03:46,OP1010,LDR002,608,128.6,29.7,38,37.1,Yes,Yes
2026-09-23 06:03:46,OP1010,BDZ003,666,113.3,30.6,49,37.2,Yes,Yes
2026-09-23 06:03:46,OP1010,GRD004,606,149.6,29.5,65,37.1,Yes,Yes
2026-09-23 06:03:46,OP1002,DMP005,587,137.7,28.2,50,37.2,Yes,Yes
2026-09-23 06:03:46,OP1009,CMP006,616,144.3,26.4,49,37.1,Yes,Yes
2026-09-23 06:03:46,OP1007,EXC007,608,150.1,28.5,50,37.1,Yes,Yes
2026-09-23 06:03:46,OP1002,LDR008,586,137.2,30.1,59,37.2,Yes,Yes
2026-09-23 06:03:47,OP1010,EXC001,628,143.1,27.4,65,37.2,Yes,Yes
2026-09-23 06:03:47,OP1010,LDR002,618,130.2,29.7,38,37.2,Yes,Yes
2026-09-23 06:03:47,OP1010,BDZ003,637,114.2,30.5,49,37.0,Yes,Yes
2026-09-23 06:03:47,OP1010,GRD004,611,150.9,29.6,65,37.1,Yes,Yes
2026-09-23 06:03:47,OP1002,DMP005,593,139.5,28.3,51,37.2,Yes,Yes
2026-09-23 06:03:47,OP1009,CMP006,615,143.5,26.4,49,37.1,Yes,Yes
2026-09-23 06:03:47,OP1007,EXC007,611,151.1,28.4,50,37.2,Yes,Yes
2026-09-23 06:03:47,OP1002,LDR008,600,137.5,30.1,58,37.1,Yes,Yes
2026-09-23 06:03:48,OP1010,EXC001,638,143.8,27.4,67,37.2,Yes,Yes
2026-09-23 06:03:48,OP1010,LDR002,610,131.5,29.7,39,37.2,Yes,Yes
2026-09-23 06:03:48,OP1010,BDZ003,642,113.4,30.6,49,37.0,Yes,Yes
2026-09-23 06:03:48,OP1010,GRD004,616,151.0,29.6,63,37.2,Yes,Yes
2026-09-23 06:03:48,OP1002,DMP005,595,141.4,28.3,53,37.2,Yes,Yes
2026-09-23 06:03:48,OP1009,CMP006,626,143.7,26.5,48,37.1,Yes,Yes
2026-09-23 06:03:48,OP1007,EXC007,604,151.3,28.5,49,37.2,Yes,Yes
2026-09-23 06:03:48,OP1002,LDR008,608,136.8,30.2,59,37.1,Yes,Yes
2026-09-23 06:03:49,OP1010,EXC001,600,144.9,27.4,67,37.0,Yes,Yes
2026-09-23 06:03:49,OP1010,LDR002,607,132.4,29.6,38,37.2,Yes,Yes
2026-09-23 06:03:49,OP1010,BDZ003,648,114.1,30.6,47,37.0,Yes,Yes
2026-09-23 06:03:49,OP1010,GRD004,622,152.5,29.6,61,37.2,Yes,Yes
2026-09-23 06:03:49,OP1002,DMP005,588,141.2,28.4,55,37.2,Yes,Yes
2026-09-23 06:03:49,OP1009,CMP006,631,143.2,26.6,48,37.1,Yes,Yes
2026-09-23 06:03:49,OP1007,EXC007,607,150.8,28.6,51,37.2,Yes,Yes
2026-09-23 06:03:49,OP1002,LDR008,611,136.8,30.2,57,37.1,Yes,Yes
2026-09-23 06:03:50,OP1010,EXC001,609,144.7,27.4,67,37.0,Yes,Yes
2026-09-23 06:03:50,OP1010,LDR002,599,132.3,29.6,39,37.2,Yes,Yes
2026-09-23 06:03:50,OP1010,BDZ003,657,113.9,30.6,48,37.1,Yes,Yes
2026-09-23 06:03:50,OP1010,GRD004,628,153.8,29.6,61,37.2,Yes,Yes
2026-09-23 06:03:50,OP1002,DMP005,600,140.6,28.4,53,37.1,Yes,Yes
2026-09-23 06:03:50,OP1009,CMP006,633,144.9,26.7,48,37.1,Yes,Yes
2026-09-23 06:03:50,OP1007,EXC007,606,150.9,28.6,52,37.2,Yes,Yes
2026-09-23 06:03:50,OP1002,LDR008,621,138.5,30.2,59,37.1,Yes,Yes
2026-09-23 06:03:51,OP1010,EXC001,604,144.4,27.5,68,37.0,Yes,Yes
2026-09-23 06:03:51,OP1010,LDR002,600,132.7,29.5,37,37.2,Yes,Yes
2026-09-23 06:03:51,OP1010,BDZ003,660,114.1,30.7,48,37.1,Yes,Yes
2026-09-23 06:03:51,OP1010,GRD004,635,154.2,29.7,60,37.2,Yes,Yes
2026-09-23 06:03:51,OP1002,DMP005,595,141.5,28.4,53,37.1,Yes,Yes
2026-09-23 06:03:51,OP1009,CMP006,625,146.1,26.7,49,37.1,Yes,Yes
2026-09-23 06:03:51,OP1007,EXC007,609,151.7,28.6,54,37.2,Yes,Yes
2026-09-23 06:03:51,OP1002,LDR008,628,139.4,30.3,60,37.2,Yes,Yes
2026-09-23 06:03:52,OP1010,EXC001,608,144.4,27.6,70,37.0,Yes,Yes
2026-09-23 06:03:52,OP1010,LDR002,593,133.8,29.6,39,37.2,Yes,Yes
2026-09-23 06:03:52,OP1010,BDZ003,654,115.5,30.6,50,37.2,Yes,Yes
2026-09-23 06:03:52,OP1010,GRD004,628,156.1,29.7,60,37.2,Yes,Yes
2026-09-23 06:03:52,OP1002,DMP005,603,142.8,28.5,53,37.1,Yes,Yes
2026-09-23 06:03:52,OP1009,CMP006,619,146.9,26.7,51,37.2,Yes,Yes
2026-09-23 06:03:52,OP1007,EXC007,604,152.9,28.6,52,37.2,Yes,Yes
2026-09-23 06:03:52,OP1002,LDR008,624,140.6,30.2,60,37.2,Yes,Yes
2026-09-23 06:03:53,OP1010,EXC001,608,145.2,27.7,71,37.0,Yes,Yes
2026-09-23 06:03:53,OP1010,LDR002,589,135.4,29.6,39,37.2,Yes,Yes
2026-09-23 06:03:53,OP1010,BDZ003,655,117.0,30.6,50,37.2,Yes,Yes
2026-09-23 06:03:53,OP1010,GRD004,636,156.0,29.6,61,37.2,Yes,Yes
2026-09-23 06:03:53,OP1002,DMP005,607,143.6,28.4,52,37.2,Yes,Yes
2026-09-23 06:03:53,OP1009,CMP006,630,147.2,26.7,51,37.2,Yes,Yes
2026-09-23 06:03:53,OP1007,EXC007,616,154.5,28.7,54,37.2,Yes,Yes
2026-09-23 06:03:53,OP1002,LDR008,600,141.5,30.3,60,37.2,Yes,Yes
2026-09-23 06:03:54,OP1010,EXC001,603,145.5,27.7,73,37.0,Yes,Yes
2026-09-23 06:03:54,OP1010,LDR002,583,134.5,29.7,41,37.2,Yes,Yes
2026-09-23 06:03:54,OP1010,BDZ003,600,118.2,30.6,51,37.0,Yes,Yes
2026-09-23 06:03:54,OP1010,GRD004,600,157.1,29.6,61,37.2,Yes,Yes
2026-09-23 06:03:54,OP1002,DMP005,610,142.8,28.4,53,37.2,Yes,Yes
2026-09-23 06:03:54,OP1009,CMP006,641,146.9,26.7,53,37.2,Yes,Yes
2026-09-23 06:03:54,OP1007,EXC007,614,154.6,28.7,56,37.2,Yes,Yes
2026-09-23 06:03:54,OP1002,LDR008,596,141.7,30.4,60,37.2,Yes,Yes
2026-09-23 06:03:55,OP1010,EXC001,600,144.7,27.7,72,37.0,Yes,Yes
2026-09-23 06:03:55,OP1010,LDR002,600,133.5,29.6,40,37.0,Yes,Yes
2026-09-23 06:03:55,OP1010,BDZ003,595,118.8,30.6,53,37.1,Yes,Yes
2026-09-23 06:03:55,OP1010,GRD004,593,158.4,29.5,61,37.2,Yes,Yes
2026-09-23 06:03:55,OP1002,DMP005,615,142.1,28.4,54,37.2,Yes,Yes
2026-09-23 06:03:55,OP1009,CMP006,634,147.2,26.6,53,37.2,Yes,Yes
2026-09-23 06:03:55,OP1007,EXC007,600,155.6,28.8,55,37.1,Yes,Yes
2026-09-23 06:03:55,OP1002,LDR008,600,141.8,30.3,62,37.2,Yes,Yes
2026-09-23 06:03:56,OP1010,EXC001,599,146.4,27.7,74,37.0,Yes,Yes
2026-09-23 06:03:56,OP1010,LDR002,609,132.5,29.6,39,37.1,Yes,Yes
2026-09-23 06:03:56,OP1010,BDZ003,595,118.3,30.5,55,37.1,Yes,Yes
2026-09-23 06:03:56,OP1010,GRD004,597,160.1,29.5,60,37.2,Yes,Yes
2026-09-23 06:03:56,OP1002,DMP005,600,141.2,28.4,55,37.1,Yes,Yes
2026-09-23 06:03:56,OP1009,CMP006,600,147.3,26.7,52,37.1,Yes,Yes
2026-09-23 06:03:56,OP1007,EXC007,595,155.8,28.7,53,37.1,Yes,Yes
2026-09-23 06:03:56,OP1002,LDR008,600,143.0,30.4,62,37.1,Yes,Yes
2026-09-23 06:03:57,OP1010,EXC001,594,145.8,27.8,74,37.0,Yes,Yes
2026-09-23 06:03:57,OP1010,LDR002,604,133.9,29.6,38,37.1,Yes,Yes
2026-09-23 06:03:57,OP1010,BDZ003,607,118.3,30.5,53,37.1,Yes,Yes
2026-09-23 06:03:57,OP1010,GRD004,594,160.4,29.6,58,37.2,Yes,Yes
2026-09-23 06:03:57,OP1002,DMP005,612,140.2,28.4,56,37.1,Yes,Yes
2026-09-23 06:03:57,OP1009,CMP006,596,147.7,26.6,50,37.2,Yes,Yes
2026-09-23 06:03:57,OP1007,EXC007,605,156.6,28.8,54,37.1,Yes,Yes
2026-09-23 06:03:57,OP1002,LDR008,598,143.4,30.5,63,37.1,Yes,Yes
2026-09-23 06:03:58,OP1010,EXC001,603,145.2,27.8,73,37.1,Yes,Yes
2026-09-23 06:03:58,OP1010,LDR002,615,135.8,29.6,38,37.2,Yes,Yes
2026-09-23 06:03:58,OP1010,BDZ003,604,117.8,30.6,51,37.1,Yes,Yes
2026-09-23 06:03:58,OP1010,GRD004,599,161.4,29.5,59,37.2,Yes,Yes
2026-09-23 06:03:58,OP1002,DMP005,610,140.7,28.5,56,37.1,Yes,Yes
2026-09-23 06:03:58,OP1009,CMP006,600,147.9,26.7,50,37.2,Yes,Yes
2026-09-23 06:03:58,OP1007,EXC007,609,158.3,28.9,52,37.2,Yes,Yes
2026-09-23 06:03:58,OP1002,LDR008,600,143.6,30.4,62,37.1,Yes,Yes
2026-09-23 06:03:59,OP1010,EXC001,598,145.8,27.8,71,37.1,Yes,Yes
2026-09-23 06:03:59,OP1010,LDR002,621,136.5,29.7,40,37.2,Yes,Yes
2026-09-23 06:03:59,OP1010,BDZ003,600,117.7,30.5,52,37.2,Yes,Yes
2026-09-23 06:03:59,OP1010,GRD004,595,163.2,29.4,58,37.2,Yes,Yes
2026-09-23 06:03:59,OP1002,DMP005,602,139.9,28.6,54,37.1,Yes,Yes
2026-09-23 06:03:59,OP1009,CMP006,592,147.0,26.8,51,37.2,Yes,Yes
2026-09-23 06:03:59,OP1007,EXC007,600,157.7,28.9,53,37.2,Yes,Yes
2026-09-23 06:03:59,OP1002,LDR008,605,143.8,30.5,62,37.1,Yes,Yes
2026-09-23 06:04:00,OP1010,EXC001,595,146.3,27.7,73,37.1,Yes,Yes
2026-09-23 06:04:00,OP1010,LDR002,630,135.8,29.8,39,37.2,Yes,Yes
2026-09-23 06:04:00,OP1010,BDZ003,600,117.2,30.4,54,37.0,Yes,Yes
2026-09-23 06:04:00,OP1010,GRD004,593,163.6,29.5,59,37.2,Yes,Yes
2026-09-23 06:04:00,OP1002,DMP005,601,140.2,28.7,52,37.1,Yes,Yes
2026-09-23 06:04:00,OP1009,CMP006,585,146.3,26.9,51,37.2,Yes,Yes
2026-09-23 06:04:00,OP1007,EXC007,593,157.2,28.9,55,37.2,Yes,Yes
2026-09-23 06:04:00,OP1002,LDR008,617,142.8,30.5,63,37.1,Yes,Yes
2026-09-23 06:04:01,OP1010,EXC001,601,146.6,27.7,75,37.1,Yes,Yes
2026-09-23 06:04:01,OP1010,LDR002,640,135.3,29.9,39,37.2,Yes,Yes
2026-09-23 06:04:01,OP1010,BDZ003,603,117.9,30.5,52,37.0,Yes,Yes
2026-09-23 06:04:01,OP1010,GRD004,589,163.9,29.4,61,37.2,Yes,Yes
2026-09-23 06:04:01,OP1002,DMP005,596,140.5,28.6,54,37.1,Yes,Yes
2026-09-23 06:04:01,OP1009,CMP006,584,147.2,27.0,53,37.2,Yes,Yes
2026-09-23 06:04:01,OP1007,EXC007,588,158.9,28.9,57,37.2,Yes,Yes
2026-09-23 06:04:01,OP1002,LDR008,626,144.3,30.6,64,37.1,Yes,Yes
2026-09-23 06:04:02,OP1010,EXC001,599,147.6,27.8,75,37.1,Yes,Yes
2026-09-23 06:04:02,OP1010,LDR002,633,136.3,30.0,40,37.2,Yes,Yes
2026-09-23 06:04:02,OP1010,BDZ003,612,117.9,30.4,50,37.0,Yes,Yes
2026-09-23 06:04:02,OP1010,GRD004,600,165.6,29.5,62,37.2,Yes,Yes
2026-09-23 06:04:02,OP1002,DMP005,589,139.7,28.5,54,37.1,Yes,Yes
2026-09-23 06:04:02,OP1009,CMP006,600,147.5,27.0,55,37.0,Yes,Yes
2026-09-23 06:04:02,OP1007,EXC007,590,160.2,29.0,58,37.2,Yes,Yes
2026-09-23 06:04:02,OP1002,LDR008,620,146.1,30.7,66,37.1,Yes,Yes
2026-09-23 06:04:03,OP1010,EXC001,602,149.4,27.9,75,37.1,Yes,Yes
2026-09-23 06:04:03,OP1010,LDR002,600,136.7,30.1,39,37.1,Yes,Yes
2026-09-23 06:04:03,OP1010,BDZ003,613,118.8,30.4,49,37.0,Yes,Yes
2026-09-23 06:04:03,OP1010,GRD004,600,166.4,29.6,63,37.2,Yes,Yes
2026-09-23 06:04:03,OP1002,DMP005,588,139.5,28.5,56,37.1,Yes,Yes
2026-09-23 06:04:03,OP1009,CMP006,592,147.7,27.1,56,37.1,Yes,Yes
2026-09-23 06:04:03,OP1007,EXC007,600,160.7,29.0,60,37.1,Yes,Yes
2026-09-23 06:04:03,OP1002,LDR008,631,146.2,30.7,66,37.1,Yes,Yes
2026-09-23 06:04:04,OP1010,EXC001,595,149.1,27.9,75,37.1,Yes,Yes
2026-09-23 06:04:04,OP1010,LDR002,594,137.8,30.2,37,37.1,Yes,Yes
2026-09-23 06:04:04,OP1010,BDZ003,620,119.5,30.5,47,37.0,Yes,Yes
2026-09-23 06:04:04,OP1010,GRD004,599,167.7,29.7,63,37.2,Yes,Yes
2026-09-23 06:04:04,OP1002,DMP005,592,139.1,28.6,56,37.2,Yes,Yes
2026-09-23 06:04:04,OP1009,CMP006,603,148.2,27.1,54,37.1,Yes,Yes
2026-09-23 06:04:04,OP1007,EXC007,606,161.9,29.0,62,37.1,Yes,Yes
2026-09-23 06:04:04,OP1002,LDR008,627,145.5,30.8,66,37.1,Yes,Yes
2026-09-23 06:04:05,OP1010,EXC001,599,149.1,28.0,75,37.1,Yes,Yes
2026-09-23 06:04:05,OP1010,LDR002,590,139.2,30.2,35,37.1,Yes,Yes
2026-09-23 06:04:05,OP1010,BDZ003,625,121.3,30.5,46,37.1,Yes,Yes
2026-09-23 06:04:05,OP1010,GRD004,599,169.5,29.8,65,37.2,Yes,Yes
2026-09-23 06:04:05,OP1002,DMP005,594,139.9,28.7,57,37.2,Yes,Yes
2026-09-23 06:04:05,OP1009,CMP006,612,147.8,27.1,53,37.1,Yes,Yes
2026-09-23 06:04:05,OP1007,EXC007,600,161.7,28.9,62,37.1,Yes,Yes
2026-09-23 06:04:05,OP1002,LDR008,628,146.5,30.7,65,37.1,Yes,Yes
2026-09-23 06:04:06,OP1010,EXC001,605,151.0,28.1,74,37.1,Yes,Yes
2026-09-23 06:04:06,OP1010,LDR002,587,138.7,30.3,35,37.1,Yes,Yes
2026-09-23 06:04:06,OP1010,BDZ003,631,120.3,30.6,44,37.2,Yes,Yes
2026-09-23 06:04:06,OP1010,GRD004,600,169.8,29.8,67,37.0,Yes,Yes
2026-09-23 06:04:06,OP1002,DMP005,596,141.2,28.6,55,37.2,Yes,Yes
2026-09-23 06:04:06,OP1009,CMP006,607,147.2,27.2,52,37.1,Yes,Yes
2026-09-23 06:04:06,OP1007,EXC007,593,161.1,29.0,60,37.1,Yes,Yes
2026-09-23 06:04:06,OP1002,LDR008,633,147.1,30.8,64,37.2,Yes,Yes
2026-09-23 06:04:07,OP1010,EXC001,615,152.3,28.2,72,37.2,Yes,Yes
2026-09-23 06:04:07,OP1010,LDR002,592,139.9,30.2,37,37.1,Yes,Yes
2026-09-23 06:04:07,OP1010,BDZ003,624,119.6,30.7,45,37.2,Yes,Yes
2026-09-23 06:04:07,OP1010,GRD004,602,171.1,29.8,67,37.0,Yes,Yes
2026-09-23 06:04:07,OP1002,DMP005,604,143.1,28.6,56,37.2,Yes,Yes
2026-09-23 06:04:07,OP1009,CMP006,603,146.7,27.1,54,37.1,Yes,Yes
2026-09-23 06:04:07,OP1007,EXC007,605,161.8,29.1,59,37.1,Yes,Yes
2026-09-23 06:04:07,OP1002,LDR008,632,147.5,30.9,66,37.2,Yes,Yes
2026-09-23 06:04:08,OP1010,EXC001,627,153.5,28.3,74,37.2,Yes,Yes
2026-09-23 06:04:08,OP1010,LDR002,589,141.3,30.3,39,37.1,Yes,Yes
2026-09-23 06:04:08,OP1010,BDZ003,635,119.8,30.7,45,37.2,Yes,Yes
2026-09-23 06:04:08,OP1010,GRD004,604,171.3,29.9,67,37.0,Yes,Yes
2026-09-23 06:04:08,OP1002,DMP005,600,143.4,28.6,55,37.0,Yes,Yes
2026-09-23 06:04:08,OP1009,CMP006,595,147.3,27.1,53,37.1,Yes,Yes
2026-09-23 06:04:08,OP1007,EXC007,614,162.7,29.2,59,37.1,Yes,Yes
2026-09-23 06:04:08,OP1002,LDR008,638,148.2,30.9,66,37.2,Yes,Yes
2026-09-23 06:04:09,OP1010,EXC001,619,154.5,28.2,74,37.2,Yes,Yes
2026-09-23 06:04:09,OP1010,LDR002,597,142.4,30.3,37,37.1,Yes,Yes
2026-09-23 06:04:09,OP1010,BDZ003,630,121.3,30.8,44,37.2,Yes,Yes
2026-09-23 06:04:09,OP1010,GRD004,597,171.8,29.9,68,37.0,Yes,Yes
2026-09-23 06:04:09,OP1002,DMP005,609,143.9,28.7,57,37.0,Yes,Yes
2026-09-23 06:04:09,OP1009,CMP006,598,146.4,27.1,53,37.2,Yes,Yes
2026-09-23 06:04:09,OP1007,EXC007,607,163.1,29.2,60,37.1,Yes,Yes
2026-09-23 06:04:09,OP1002,LDR008,631,149.4,30.9,66,37.2,Yes,Yes
2026-09-23 06:04:10,OP1010,EXC001,627,156.2,28.3,73,37.2,Yes,Yes
2026-09-23 06:04:10,OP1010,LDR002,607,142.9,30.2,35,37.1,Yes,Yes
2026-09-23 06:04:10,OP1010,BDZ003,639,121.6,30.9,44,37.2,Yes,Yes
2026-09-23 06:04:10,OP1010,GRD004,599,172.6,29.8,66,37.0,Yes,Yes
2026-09-23 06:04:10,OP1002,DMP005,621,145.8,28.7,59,37.0,Yes,Yes
2026-09-23 06:04:10,OP1009,CMP006,598,146.2,27.2,55,37.2,Yes,Yes
2026-09-23 06:04:10,OP1007,EXC007,611,162.9,29.3,58,37.1,Yes,Yes
2026-09-23 06:04:10,OP1002,LDR008,631,149.1,31.0,66,37.2,Yes,Yes
2026-09-23 06:04:11,OP1010,EXC001,637,157.3,28.3,72,37.2,Yes,Yes
2026-09-23 06:04:11,OP1010,LDR002,605,142.1,30.2,37,37.1,Yes,Yes
2026-09-23 06:04:11,OP1010,BDZ003,649,122.6,31.0,42,37.2,Yes,Yes
2026-09-23 06:04:11,OP1010,GRD004,591,172.0,29.9,66,37.0,Yes,Yes
2026-09-23 06:04:11,OP1002,DMP005,624,147.7,28.6,58,37.0,Yes,Yes
2026-09-23 06:04:11,OP1009,CMP006,600,147.3,27.2,53,37.1,Yes,Yes
2026-09-23 06:04:11,OP1007,EXC007,622,163.1,29.4,58,37.2,Yes,Yes
2026-09-23 06:04:11,OP1002,LDR008,636,149.1,31.1,64,37.2,Yes,Yes
2026-09-23 06:04:12,OP1010,EXC001,644,157.5,28.4,71,37.2,Yes,Yes
2026-09-23 06:04:12,OP1010,LDR002,615,143.2,30.2,38,37.2,Yes,Yes
2026-09-23 06:04:12,OP1010,BDZ003,657,121.7,31.0,40,37.2,Yes,Yes
2026-09-23 06:04:12,OP1010,GRD004,588,172.4,30.0,65,37.0,Yes,Yes
2026-09-23 06:04:12,OP1002,DMP005,631,148.3,28.7,56,37.1,Yes,Yes
2026-09-23 06:04:12,OP1009,CMP006,592,146.9,27.3,53,37.2,Yes,Yes
2026-09-23 06:04:12,OP1007,EXC007,628,163.7,29.4,56,37.2,Yes,Yes
2026-09-23 06:04:12,OP1002,LDR008,600,150.3,31.0,63,37.1,Yes,Yes
2026-09-23 06:04:13,OP1010,EXC001,656,157.0,28.3,70,37.2,Yes,Yes
2026-09-23 06:04:13,OP1010,LDR002,622,143.9,30.3,39,37.2,Yes,Yes
2026-09-23 06:04:13,OP1010,BDZ003,669,120.8,31.0,38,37.2,Yes,Yes
2026-09-23 06:04:13,OP1010,GRD004,586,174.2,30.1,64,37.0,Yes,Yes
2026-09-23 06:04:13,OP1002,DMP005,630,149.0,28.8,54,37.2,Yes,Yes
2026-09-23 06:04:13,OP1009,CMP006,600,147.7,27.2,55,37.0,Yes,Yes
2026-09-23 06:04:13,OP1007,EXC007,624,163.0,29.4,58,37.2,Yes,Yes
2026-09-23 06:04:13,OP1002,LDR008,611,152.1,30.9,64,37.2,Yes,Yes
2026-09-23 06:04:14,OP1010,EXC001,662,156.2,28.4,69,37.2,Yes,Yes
2026-09-23 06:04:14,OP1010,LDR002,615,145.7,30.4,39,37.2,Yes,Yes
2026-09-23 06:04:14,OP1010,BDZ003,601,120.2,31.0,38,37.0,Yes,Yes
2026-09-23 06:04:14,OP1010,GRD004,582,175.7,30.0,62,37.0,Yes,Yes
2026-09-23 06:04:14,OP1002,DMP005,627,148.7,28.8,55,37.2,Yes,Yes
2026-09-23 06:04:14,OP1009,CMP006,605,149.6,27.3,55,37.0,Yes,Yes
2026-09-23 06:04:14,OP1007,EXC007,600,163.3,29.5,57,37.2,Yes,Yes
2026-09-23 06:04:14,OP1002,LDR008,610,152.2,30.8,63,37.2,Yes,Yes
2026-09-23 06:04:15,OP1010,EXC001,618,155.5,28.5,67,37.2,Yes,Yes
2026-09-23 06:04:15,OP1010,LDR002,622,147.3,30.5,41,37.2,Yes,Yes
2026-09-23 06:04:15,OP1010,BDZ003,605,120.9,31.1,39,37.0,Yes,Yes
2026-09-23 06:04:15,OP1010,GRD004,585,175.1,30.0,64,37.0,Yes,Yes
2026-09-23 06:04:15,OP1002,DMP005,600,149.8,28.7,57,37.0,Yes,Yes
2026-09-23 06:04:15,OP1009,CMP006,614,150.2,27.3,56,37.1,Yes,Yes
2026-09-23 06:04:15,OP1007,EXC007,602,162.5,29.5,58,37.2,Yes,Yes
2026-09-23 06:04:15,OP1002,LDR008,616,151.5,30.9,61,37.2,Yes,Yes
2026-09-23 06:04:16,OP1010,EXC001,615,155.8,28.6,65,37.2,Yes,Yes
2026-09-23 06:04:16,OP1010,LDR002,616,147.8,30.5,40,37.2,Yes,Yes
2026-09-23 06:04:16,OP1010,BDZ003,609,122.7,31.1,39,37.1,Yes,Yes
2026-09-23 06:04:16,OP1010,GRD004,592,174.6,29.9,64,37.0,Yes,Yes
2026-09-23 06:04:16,OP1002,DMP005,596,149.7,28.8,58,37.0,Yes,Yes
2026-09-23 06:04:16,OP1009,CMP006,606,149.3,27.3,54,37.1,Yes,Yes
2026-09-23 06:04:16,OP1007,EXC007,611,162.2,29.4,56,37.2,Yes,Yes
2026-09-23 06:04:16,OP1002,LDR008,618,152.8,30.9,60,37.2,Yes,Yes
2026-09-23 06:04:17,OP1010,EXC001,617,157.6,28.7,66,37.2,Yes,Yes
2026-09-23 06:04:17,OP1010,LDR002,626,147.6,30.4,42,37.2,Yes,Yes
2026-09-23 06:04:17,OP1010,BDZ003,613,122.7,31.2,37,37.1,Yes,Yes
2026-09-23 06:04:17,OP1010,GRD004,601,174.8,29.9,66,37.0,Yes,Yes
2026-09-23 06:04:17,OP1002,DMP005,589,149.7,28.8,57,37.0,Yes,Yes
2026-09-23 06:04:17,OP1009,CMP006,607,149.0,27.3,54,37.1,Yes,Yes
2026-09-23 06:04:17,OP1007,EXC007,620,161.3,29.5,55,37.2,Yes,Yes
2026-09-23 06:04:17,OP1002,LDR008,600,154.3,30.9,58,37.1,Yes,Yes
2026-09-23 06:04:18,OP1010,EXC001,600,156.7,28.8,65,37.2,Yes,Yes
2026-09-23 06:04:18,OP1010,LDR002,600,147.0,30.5,44,37.0,Yes,Yes
2026-09-23 06:04:18,OP1010,BDZ003,616,122.1,31.2,38,37.1,Yes,Yes
2026-09-23 06:04:18,OP1010,GRD004,610,176.3,29.9,64,37.0,Yes,Yes
2026-09-23 06:04:18,OP1002,DMP005,586,149.8,28.9,58,37.1,Yes,Yes
2026-09-23 06:04:18,OP1009,CMP006,601,150.4,27.4,53,37.1,Yes,Yes
2026-09-23 06:04:18,OP1007,EXC007,629,162.9,29.6,53,37.2,Yes,Yes
2026-09-23 06:04:18,OP1002,LDR008,609,154.7,30.8,58,37.1,Yes,Yes
2026-09-23 06:04:19,OP1010,EXC001,604,157.1,28.8,64,37.2,Yes,Yes
2026-09-23 06:04:19,OP1010,LDR002,597,147.8,30.4,43,37.0,Yes,Yes
2026-09-23 06:04:19,OP1010,BDZ003,621,121.5,31.1,37,37.1,Yes,Yes
2026-09-23 06:04:19,OP1010,GRD004,620,175.9,29.9,63,37.0,Yes,Yes
2026-09-23 06:04:19,OP1002,DMP005,596,150.2,28.9,59,37.1,Yes,Yes
2026-09-23 06:04:19,OP1009,CMP006,609,150.3,27.3,53,37.1,Yes,Yes
2026-09-23 06:04:19,OP1007,EXC007,633,162.6,29.7,54,37.2,Yes,Yes
2026-09-23 06:04:19,OP1002,LDR008,617,154.7,30.8,57,37.1,Yes,Yes
2026-09-23 06:04:20,OP1010,EXC001,600,156.6,28.7,64,37.1,Yes,Yes
2026-09-23 06:04:20,OP1010,LDR002,606,147.2,30.5,42,37.0,Yes,Yes
2026-09-23 06:04:20,OP1010,BDZ003,613,121.8,31.1,37,37.1,Yes,Yes
2026-09-23 06:04:20,OP1010,GRD004,617,177.3,30.0,65,37.0,Yes,Yes
2026-09-23 06:04:20,OP1002,DMP005,595,151.4,29.0,58,37.1,Yes,Yes
2026-09-23 06:04:20,OP1009,CMP006,618,151.0,27.3,52,37.1,Yes,Yes
2026-09-23 06:04:20,OP1007,EXC007,625,163.5,29.7,52,37.2,Yes,Yes
2026-09-23 06:04:20,OP1002,LDR008,629,154.0,30.9,57,37.2,Yes,Yes
2026-09-23 06:04:21,OP1010,EXC001,609,158.4,28.8,63,37.1,Yes,Yes
2026-09-23 06:04:21,OP1010,LDR002,602,147.7,30.4,42,37.0,Yes,Yes
2026-09-23 06:04:21,OP1010,BDZ003,605,121.7,31.1,38,37.1,Yes,Yes
2026-09-23 06:04:21,OP1010,GRD004,609,176.9,30.1,65,37.0,Yes,Yes
2026-09-23 06:04:21,OP1002,DMP005,597,152.5,28.9,57,37.1,Yes,Yes
2026-09-23 06:04:21,OP1009,CMP006,615,152.8,27.3,54,37.1,Yes,Yes
2026-09-23 06:04:21,OP1007,EXC007,600,162.5,29.8,54,37.1,Yes,Yes
2026-09-23 06:04:21,OP1002,LDR008,638,153.6,31.0,58,37.2,Yes,Yes
2026-09-23 06:04:22,OP1010,EXC001,601,157.9,28.8,62,37.1,Yes,Yes
2026-09-23 06:04:22,OP1010,LDR002,602,148.9,30.5,44,37.0,Yes,Yes
2026-09-23 06:04:22,OP1010,BDZ003,606,121.4,31.1,40,37.1,Yes,Yes
2026-09-23 06:04:22,OP1010,GRD004,613,177.2,30.2,63,37.0,Yes,Yes
2026-09-23 06:04:22,OP1002,DMP005,589,151.7,28.9,55,37.1,Yes,Yes
2026-09-23 06:04:22,OP1009,CMP006,614,153.3,27.3,54,37.1,Yes,Yes
2026-09-23 06:04:22,OP1007,EXC007,601,161.6,29.8,53,37.1,Yes,Yes
2026-09-23 06:04:22,OP1002,LDR008,640,153.7,31.1,60,37.2,Yes,Yes
2026-09-23 06:04:23,OP1010,EXC001,602,157.5,28.7,64,37.1,Yes,Yes
2026-09-23 06:04:23,OP1010,LDR002,596,149.6,30.6,44,37.0,Yes,Yes
2026-09-23 06:04:23,OP1010,BDZ003,611,122.0,31.0,39,37.1,Yes,Yes
2026-09-23 06:04:23,OP1010,GRD004,605,179.0,30.2,61,37.1,Yes,Yes
2026-09-23 06:04:23,OP1002,DMP005,600,152.2,29.0,54,37.1,Yes,Yes
2026-09-23 06:04:23,OP1009,CMP006,623,153.7,27.4,53,37.1,Yes,Yes
2026-09-23 06:04:23,OP1007,EXC007,593,162.9,29.7,51,37.1,Yes,Yes
2026-09-23 06:04:23,OP1002,LDR008,643,155.1,31.0,62,37.2,Yes,Yes
2026-09-23 06:04:24,OP1010,EXC001,605,159.0,28.7,65,37.2,Yes,Yes
2026-09-23 06:04:24,OP1010,LDR002,594,149.0,30.7,42,37.0,Yes,Yes
2026-09-23 06:04:24,OP1010,BDZ003,613,121.9,31.1,38,37.1,Yes,Yes
2026-09-23 06:04:24,OP1010,GRD004,599,180.7,30.1,59,37.1,Yes,Yes
2026-09-23 06:04:24,OP1002,DMP005,601,153.2,29.1,55,37.1,Yes,Yes
2026-09-23 06:04:24,OP1009,CMP006,633,153.4,27.5,51,37.2,Yes,Yes
2026-09-23 06:04:24,OP1007,EXC007,600,162.6,29.7,52,37.2,Yes,Yes
2026-09-23 06:04:24,OP1002,LDR008,646,155.2,31.0,63,37.2,Yes,Yes
2026-09-23 06:04:25,OP1010,EXC001,600,160.4,28.8,63,37.1,Yes,Yes
2026-09-23 06:04:25,OP1010,LDR002,606,148.7,30.6,41,37.0,Yes,Yes
2026-09-23 06:04:25,OP1010,BDZ003,616,121.1,31.0,40,37.1,Yes,Yes
2026-09-23 06:04:25,OP1010,GRD004,591,180.3,30.1,58,37.2,Yes,Yes
2026-09-23 06:04:25,OP1002,DMP005,612,152.2,29.0,57,37.1,Yes,Yes
2026-09-23 06:04:25,OP1009,CMP006,644,155.2,27.6,51,37.2,Yes,Yes
2026-09-23 06:04:25,OP1007,EXC007,609,164.1,29.8,54,37.2,Yes,Yes
2026-09-23 06:04:25,OP1002,LDR008,654,154.7,31.0,61,37.2,Yes,Yes
2026-09-23 06:04:26,OP1010,EXC001,610,160.9,28.7,65,37.1,Yes,Yes
2026-09-23 06:04:26,OP1010,LDR002,602,150.3,30.6,41,37.0,Yes,Yes
2026-09-23 06:04:26,OP1010,BDZ003,615,122.9,31.1,38,37.1,Yes,Yes
2026-09-23 06:04:26,OP1010,GRD004,600,180.4,30.0,58,37.0,Yes,Yes
2026-09-23 06:04:26,OP1002,DMP005,619,152.2,29.0,55,37.1,Yes,Yes
2026-09-23 06:04:26,OP1009,CMP006,600,154.2,27.6,53,37.1,Yes,Yes
2026-09-23 06:04:26,OP1007,EXC007,611,164.7,29.8,52,37.2,Yes,Yes
2026-09-23 06:04:26,OP1002,LDR008,606,156.0,31.0,59,37.2,Yes,Yes
2026-09-23 06:04:27,OP1010,EXC001,602,160.3,28.7,66,37.2,Yes,Yes
2026-09-23 06:04:27,OP1010,LDR002,598,151.5,30.5,41,37.0,Yes,Yes
2026-09-23 06:04:27,OP1010,BDZ003,609,124.7,31.2,37,37.2,Yes,Yes
2026-09-23 06:04:27,OP1010,GRD004,606,180.7,30.0,59,37.0,Yes,Yes
2026-09-23 06:04:27,OP1002,DMP005,619,151.4,28.9,56,37.1,Yes,Yes
2026-09-23 06:04:27,OP1009,CMP006,603,154.9,27.7,55,37.2,Yes,Yes
2026-09-23 06:04:27,OP1007,EXC007,605,166.0,29.9,54,37.2,Yes,Yes
2026-09-23 06:04:27,OP1002,LDR008,604,156.3,31.1,59,37.2,Yes,Yes
2026-09-23 06:04:28,OP1010,EXC001,602,160.3,28.8,68,37.2,Yes,Yes
2026-09-23 06:04:28,OP1010,LDR002,591,150.8,30.6,43,37.1,Yes,Yes
2026-09-23 06:04:28,OP1010,BDZ003,621,124.2,31.3,38,37.2,Yes,Yes
2026-09-23 06:04:28,OP1010,GRD004,605,182.6,29.9,58,37.1,Yes,Yes
2026-09-23 06:04:28,OP1002,DMP005,625,152.3,28.9,58,37.1,Yes,Yes
2026-09-23 06:04:28,OP1009,CMP006,595,156.6,27.7,57,37.2,Yes,Yes
2026-09-23 06:04:28,OP1007,EXC007,616,165.8,30.0,54,37.2,Yes,Yes
2026-09-23 06:04:28,OP1002,LDR008,605,157.7,31.0,60,37.2,Yes,Yes
2026-09-23 06:04:29,OP1010,EXC001,605,159.9,28.9,67,37.2,Yes,Yes
2026-09-23 06:04:29,OP1010,LDR002,593,150.4,30.6,44,37.2,Yes,Yes
2026-09-23 06:04:29,OP1010,BDZ003,621,125.1,31.3,37,37.2,Yes,Yes
2026-09-23 06:04:29,OP1010,GRD004,598,182.4,30.0,58,37.1,Yes,Yes
2026-09-23 06:04:29,OP1002,DMP005,623,151.3,28.9,56,37.1,Yes,Yes
2026-09-23 06:04:29,OP1009,CMP006,600,157.3,27.8,58,37.1,Yes,Yes
2026-09-23 06:04:29,OP1007,EXC007,619,166.0,30.0,56,37.2,Yes,Yes
2026-09-23 06:04:29,OP1002,LDR008,611,158.7,30.9,61,37.2,Yes,Yes
2026-09-23 06:04:30,OP1010,EXC001,597,159.0,28.8,66,37.2,Yes,Yes
2026-09-23 06:04:30,OP1010,LDR002,586,152.2,30.7,43,37.2,Yes,Yes
2026-09-23 06:04:30,OP1010,BDZ003,630,125.1,31.4,39,37.2,Yes,Yes
2026-09-23 06:04:30,OP1010,GRD004,595,183.9,30.1,60,37.2,Yes,Yes
2026-09-23 06:04:30,OP1002,DMP005,627,152.3,29.0,55,37.2,Yes,Yes
2026-09-23 06:04:30,OP1009,CMP006,603,157.6,27.8,60,37.2,Yes,Yes
2026-09-23 06:04:30,OP1007,EXC007,621,166.4,29.9,55,37.2,Yes,Yes
2026-09-23 06:04:30,OP1002,LDR008,618,160.6,31.0,60,37.2,Yes,Yes
2026-09-23 06:04:31,OP1010,EXC001,600,159.8,28.8,66,37.2,Yes,Yes
2026-09-23 06:04:31,OP1010,LDR002,592,151.5,30.7,45,37.2,Yes,Yes
2026-09-23 06:04:31,OP1010,BDZ003,627,124.5,31.4,39,37.2,Yes,Yes
2026-09-23 06:04:31,OP1010,GRD004,604,185.1,30.2,59,37.2,Yes,Yes
2026-09-23 06:04:31,OP1002,DMP005,600,154.0,29.0,54,37.1,Yes,Yes
2026-09-23 06:04:31,OP1009,CMP006,607,157.9,27.7,60,37.2,Yes,Yes
2026-09-23 06:04:31,OP1007,EXC007,628,167.5,29.9,53,37.2,Yes,Yes
2026-09-23 06:04:31,OP1002,LDR008,613,160.6,31.1,62,37.2,Yes,Yes
2026-09-23 06:04:32,OP1010,EXC001,607,159.0,28.7,68,37.2,Yes,Yes
2026-09-23 06:04:32,OP1010,LDR002,601,152.5,30.8,43,37.2,Yes,Yes
2026-09-23 06:04:32,OP1010,BDZ003,629,124.5,31.3,41,37.2,Yes,Yes
2026-09-23 06:04:32,OP1010,GRD004,603,184.6,30.3,60,37.2,Yes,Yes
2026-09-23 06:04:32,OP1002,DMP005,606,155.7,29.1,55,37.1,Yes,Yes
2026-09-23 06:04:32,OP1009,CMP006,606,158.2,27.8,60,37.2,Yes,Yes
2026-09-23 06:04:32,OP1007,EXC007,636,167.2,30.0,54,37.2,Yes,Yes
2026-09-23 06:04:32,OP1002,LDR008,606,160.7,31.1,62,37.2,Yes,Yes
2026-09-23 06:04:33,OP1010,EXC001,601,159.2,28.8,66,37.2,Yes,Yes
2026-09-23 06:04:33,OP1010,LDR002,612,152.9,30.9,41,37.2,Yes,Yes
2026-09-23 06:04:33,OP1010,BDZ003,632,124.5,31.3,39,37.2,Yes,Yes
2026-09-23 06:04:33,OP1010,GRD004,597,184.3,30.3,61,37.2,Yes,Yes
2026-09-23 06:04:33,OP1002,DMP005,614,155.9,29.0,56,37.1,Yes,Yes
2026-09-23 06:04:33,OP1009,CMP006,599,158.4,27.8,61,37.2,Yes,Yes
2026-09-23 06:04:33,OP1007,EXC007,639,168.5,29.9,55,37.2,Yes,Yes
2026-09-23 06:04:33,OP1002,LDR008,610,161.5,31.1,61,37.2,Yes,Yes
2026-09-23 06:04:34,OP1010,EXC001,597,159.2,28.8,64,37.2,Yes,Yes
2026-09-23 06:04:34,OP1010,LDR002,600,153.6,30.8,40,37.2,Yes,Yes
2026-09-23 06:04:34,OP1010,BDZ003,625,124.4,31.4,39,37.2,Yes,Yes
2026-09-23 06:04:34,OP1010,GRD004,609,185.8,30.4,63,37.2,Yes,Yes
2026-09-23 06:04:34,OP1002,DMP005,615,154.9,28.9,57,37.1,Yes,Yes
2026-09-23 06:04:34,OP1009,CMP006,598,159.2,27.8,61,37.2,Yes,Yes
2026-09-23 06:04:34,OP1007,EXC007,600,170.3,29.9,54,37.1,Yes,Yes
2026-09-23 06:04:34,OP1002,LDR008,614,162.3,31.0,61,37.2,Yes,Yes
2026-09-23 06:04:35,OP1010,EXC001,600,158.9,28.7,62,37.0,Yes,Yes
2026-09-23 06:04:35,OP1010,LDR002,592,155.1,30.9,42,37.2,Yes,Yes
2026-09-23 06:04:35,OP1010,BDZ003,619,124.8,31.4,39,37.2,Yes,Yes
2026-09-23 06:04:35,OP1010,GRD004,602,186.2,30.4,64,37.2,Yes,Yes
2026-09-23 06:04:35,OP1002,DMP005,624,154.9,28.9,55,37.1,Yes,Yes
2026-09-23 06:04:35,OP1009,CMP006,607,159.7,27.8,59,37.2,Yes,Yes
2026-09-23 06:04:35,OP1007,EXC007,598,170.7,29.8,56,37.1,Yes,Yes
2026-09-23 06:04:35,OP1002,LDR008,606,162.6,30.9,59,37.2,Yes,Yes
2026-09-23 06:04:36,OP1010,EXC001,593,159.0,28.6,64,37.0,Yes,Yes
2026-09-23 06:04:36,OP1010,LDR002,586,155.8,30.9,41,37.2,Yes,Yes
2026-09-23 06:04:36,OP1010,BDZ003,622,124.7,31.4,38,37.2,Yes,Yes
2026-09-23 06:04:36,OP1010,GRD004,614,186.9,30.3,63,37.2,Yes,Yes
2026-09-23 06:04:36,OP1002,DMP005,626,154.3,28.9,55,37.1,Yes,Yes
2026-09-23 06:04:36,OP1009,CMP006,605,159.2,27.8,61,37.2,Yes,Yes
2026-09-23 06:04:36,OP1007,EXC007,599,170.4,29.7,55,37.2,Yes,Yes
2026-09-23 06:04:36,OP1002,LDR008,600,163.3,30.9,59,37.1,Yes,Yes
2026-09-23 06:04:37,OP1010,EXC001,597,159.1,28.6,65,37.1,Yes,Yes
2026-09-23 06:04:37,OP1010,LDR002,600,156.3,30.9,39,37.1,Yes,Yes
2026-09-23 06:04:37,OP1010,BDZ003,630,124.0,31.5,38,37.2,Yes,Yes
2026-09-23 06:04:37,OP1010,GRD004,615,186.7,30.3,64,37.2,Yes,Yes
2026-09-23 06:04:37,OP1002,DMP005,627,155.7,29.0,56,37.1,Yes,Yes
2026-09-23 06:04:37,OP1009,CMP006,600,159.6,27.8,61,37.0,Yes,Yes
2026-09-23 06:04:37,OP1007,EXC007,600,171.4,29.8,55,37.1,Yes,Yes
2026-09-23 06:04:37,OP1002,LDR008,611,164.3,30.9,59,37.1,Yes,Yes
2026-09-23 06:04:38,OP1010,EXC001,598,160.1,28.6,67,37.1,Yes,Yes
2026-09-23 06:04:38,OP1010,LDR002,603,156.7,30.9,40,37.2,Yes,Yes
2026-09-23 06:04:38,OP1010,BDZ003,636,124.4,31.5,40,37.2,Yes,Yes
2026-09-23 06:04:38,OP1010,GRD004,627,187.2,30.2,62,37.2,Yes,Yes
2026-09-23 06:04:38,OP1002,DMP005,628,155.5,28.9,57,37.1,Yes,Yes
2026-09-23 06:04:38,OP1009,CMP006,597,160.2,27.9,59,37.0,Yes,Yes
2026-09-23 06:04:38,OP1007,EXC007,604,171.0,29.7,56,37.2,Yes,Yes
2026-09-23 06:04:38,OP1002,LDR008,615,165.0,30.8,59,37.2,Yes,Yes
2026-09-23 06:04:39,OP1010,EXC001,601,161.9,28.6,66,37.1,Yes,Yes
2026-09-23 06:04:39,OP1010,LDR002,596,156.0,31.0,39,37.2,Yes,Yes
2026-09-23 06:04:39,OP1010,BDZ003,636,123.5,31.6,39,37.2,Yes,Yes
2026-09-23 06:04:39,OP1010,GRD004,636,188.4,30.3,63,37.2,Yes,Yes
2026-09-23 06:04:39,OP1002,DMP005,640,156.0,28.9,57,37.2,Yes,Yes
2026-09-23 06:04:39,OP1009,CMP006,594,159.7,27.8,59,37.0,Yes,Yes
2026-09-23 06:04:39,OP1007,EXC007,602,170.2,29.8,54,37.2,Yes,Yes
2026-09-23 06:04:39,OP1002,LDR008,614,165.3,30.9,61,37.2,Yes,Yes
2026-09-23 06:04:40,OP1010,EXC001,601,162.3,28.5,66,37.1,Yes,Yes
2026-09-23 06:04:40,OP1010,LDR002,600,155.9,31.0,37,37.0,Yes,Yes
2026-09-23 06:04:40,OP1010,BDZ003,635,123.1,31.6,38,37.2,Yes,Yes
2026-09-23 06:04:40,OP1010,GRD004,639,187.9,30.4,61,37.2,Yes,Yes
2026-09-23 06:04:40,OP1002,DMP005,645,157.8,28.8,59,37.2,Yes,Yes
2026-09-23 06:04:40,OP1009,CMP006,595,158.9,27.9,59,37.0,Yes,Yes
2026-09-23 06:04:40,OP1007,EXC007,608,169.7,29.7,54,37.2,Yes,Yes
2026-09-23 06:04:40,OP1002,LDR008,618,166.7,30.9,60,37.2,Yes,Yes
2026-09-23 06:04:41,OP1010,EXC001,593,163.7,28.5,64,37.1,Yes,Yes
2026-09-23 06:04:41,OP1010,LDR002,600,156.1,30.9,38,37.0,Yes,Yes
2026-09-23 06:04:41,OP1010,BDZ003,643,124.2,31.5,36,37.2,Yes,Yes
2026-09-23 06:04:41,OP1010,GRD004,648,188.6,30.5,59,37.2,Yes,Yes
2026-09-23 06:04:41,OP1002,DMP005,600,157.5,28.7,57,37.2,Yes,Yes
2026-09-23 06:04:41,OP1009,CMP006,591,158.6,28.0,59,37.0,Yes,Yes
2026-09-23 06:04:41,OP1007,EXC007,603,169.0,29.7,53,37.2,Yes,Yes
2026-09-23 06:04:41,OP1002,LDR008,600,167.8,30.9,60,37.1,Yes,Yes
2026-09-23 06:04:42,OP1010,EXC001,601,164.4,28.5,65,37.1,Yes,Yes
2026-09-23 06:04:42,OP1010,LDR002,598,157.3,31.0,37,37.0,Yes,Yes
2026-09-23 06:04:42,OP1010,BDZ003,600,126.1,31.5,38,37.0,Yes,Yes
2026-09-23 06:04:42,OP1010,GRD004,645,190.3,30.4,57,37.2,Yes,Yes
2026-09-23 06:04:42,OP1002,DMP005,608,159.1,28.7,58,37.2,Yes,Yes
2026-09-23 06:04:42,OP1009,CMP006,595,158.5,28.0,59,37.0,Yes,Yes
2026-09-23 06:04:42,OP1007,EXC007,600,170.7,29.8,52,37.1,Yes,Yes
2026-09-23 06:04:42,OP1002,LDR008,607,168.4,30.8,62,37.1,Yes,Yes
2026-09-23 06:04:43,OP1010,EXC001,596,164.9,28.5,63,37.1,Yes,Yes
2026-09-23 06:04:43,OP1010,LDR002,608,157.4,30.9,39,37.0,Yes,Yes
2026-09-23 06:04:43,OP1010,BDZ003,608,127.5,31.5,37,37.0,Yes,Yes
2026-09-23 06:04:43,OP1010,GRD004,600,190.1,30.4,55,37.1,Yes,Yes
2026-09-23 06:04:43,OP1002,DMP005,600,159.8,28.8,58,37.1,Yes,Yes
2026-09-23 06:04:43,OP1009,CMP006,596,158.7,28.0,57,37.1,Yes,Yes
2026-09-23 06:04:43,OP1007,EXC007,592,171.3,29.8,53,37.2,Yes,Yes
2026-09-23 06:04:43,OP1002,LDR008,607,169.8,30.9,61,37.2,Yes,Yes
2026-09-23 06:04:44,OP1010,EXC001,601,164.2,28.5,65,37.1,Yes,Yes
2026-09-23 06:04:44,OP1010,LDR002,614,156.8,31.0,40,37.0,Yes,Yes
2026-09-23 06:04:44,OP1010,BDZ003,617,128.1,31.6,38,37.0,Yes,Yes
2026-09-23 06:04:44,OP1010,GRD004,593,190.1,30.3,54,37.1,Yes,Yes
2026-09-23 06:04:44,OP1002,DMP005,607,161.6,28.8,60,37.1,Yes,Yes
2026-09-23 06:04:44,OP1009,CMP006,603,158.5,28.0,56,37.1,Yes,Yes
2026-09-23 06:04:44,OP1007,EXC007,602,173.1,29.8,54,37.2,Yes,Yes
2026-09-23 06:04:44,OP1002,LDR008,602,169.6,31.0,59,37.2,Yes,Yes
2026-09-23 06:04:45,OP1010,EXC001,604,165.8,28.4,63,37.1,Yes,Yes
2026-09-23 06:04:45,OP1010,LDR002,609,156.4,31.1,40,37.0,Yes,Yes
2026-09-23 06:04:45,OP1010,BDZ003,615,127.7,31.7,39,37.0,Yes,Yes
2026-09-23 06:04:45,OP1010,GRD004,591,189.8,30.2,53,37.1,Yes,Yes
2026-09-23 06:04:45,OP1002,DMP005,617,162.8,28.8,61,37.1,Yes,Yes
2026-09-23 06:04:45,OP1009,CMP006,606,158.2,28.0,55,37.1,Yes,Yes
2026-09-23 06:04:45,OP1007,EXC007,600,172.1,29.8,53,37.2,Yes,Yes
2026-09-23 06:04:45,OP1002,LDR008,595,169.1,31.1,59,37.2,Yes,Yes
2026-09-23 06:04:46,OP1010,EXC001,599,165.1,28.5,64,37.2,Yes,Yes
2026-09-23 06:04:46,OP1010,LDR002,614,158.2,31.2,40,37.0,Yes,Yes
2026-09-23 06:04:46,OP1010,BDZ003,609,127.9,31.6,39,37.0,Yes,Yes
2026-09-23 06:04:46,OP1010,GRD004,585,189.8,30.3,53,37.1,Yes,Yes
2026-09-23 06:04:46,OP1002,DMP005,626,164.2,28.9,63,37.1,Yes,Yes
2026-09-23 06:04:46,OP1009,CMP006,602,158.1,28.0,57,37.1,Yes,Yes
2026-09-23 06:04:46,OP1007,EXC007,600,173.9,29.8,55,37.2,Yes,Yes
2026-09-23 06:04:46,OP1002,LDR008,607,169.3,31.2,60,37.2,Yes,Yes
2026-09-23 06:04:47,OP1010,EXC001,607,164.3,28.5,63,37.2,Yes,Yes
2026-09-23 06:04:47,OP1010,LDR002,623,157.5,31.2,39,37.0,Yes,Yes
2026-09-23 06:04:47,OP1010,BDZ003,607,129.3,31.7,40,37.1,Yes,Yes
2026-09-23 06:04:47,OP1010,GRD004,578,191.8,30.4,52,37.1,Yes,Yes
2026-09-23 06:04:47,OP1002,DMP005,626,163.3,29.0,64,37.1,Yes,Yes
2026-09-23 06:04:47,OP1009,CMP006,599,159.0,28.1,57,37.2,Yes,Yes
2026-09-23 06:04:47,OP1007,EXC007,599,175.2,29.8,53,37.2,Yes,Yes
2026-09-23 06:04:47,OP1002,LDR008,606,169.5,31.3,62,37.2,Yes,Yes
2026-09-23 06:04:48,OP1010,EXC001,606,164.4,28.6,63,37.2,Yes,Yes
2026-09-23 06:04:48,OP1010,LDR002,631,158.1,31.3,37,37.1,Yes,Yes
2026-09-23 06:04:48,OP1010,BDZ003,615,129.4,31.7,38,37.1,Yes,Yes
2026-09-23 06:04:48,OP1010,GRD004,579,191.5,30.5,50,37.1,Yes,Yes
2026-09-23 06:04:48,OP1002,DMP005,637,164.9,29.1,62,37.2,Yes,Yes
2026-09-23 06:04:48,OP1009,CMP006,595,158.1,28.1,57,37.2,Yes,Yes
2026-09-23 06:04:48,OP1007,EXC007,600,176.5,29.9,52,37.0,Yes,Yes
2026-09-23 06:04:48,OP1002,LDR008,600,169.1,31.3,60,37.0,Yes,Yes
2026-09-23 06:04:49,OP1010,EXC001,600,165.8,28.6,62,37.2,Yes,Yes
2026-09-23 06:04:49,OP1010,LDR002,638,157.4,31.3,39,37.2,Yes,Yes
2026-09-23 06:04:49,OP1010,BDZ003,622,129.9,31.7,39,37.1,Yes,Yes
2026-09-23 06:04:49,OP1010,GRD004,583,191.4,30.6,52,37.1,Yes,Yes
2026-09-23 06:04:49,OP1002,DMP005,648,166.4,29.2,61,37.2,Yes,Yes
2026-09-23 06:04:49,OP1009,CMP006,591,158.9,28.1,59,37.2,Yes,Yes
2026-09-23 06:04:49,OP1007,EXC007,611,178.3,30.0,53,37.0,Yes,Yes
2026-09-23 06:04:49,OP1002,LDR008,592,170.5,31.4,59,37.0,Yes,Yes
2026-09-23 06:04:50,OP1010,EXC001,598,165.8,28.6,61,37.2,Yes,Yes
2026-09-23 06:04:50,OP1010,LDR002,600,158.6,31.2,38,37.2,Yes,Yes
2026-09-23 06:04:50,OP1010,BDZ003,629,130.7,31.7,38,37.1,Yes,Yes
2026-09-23 06:04:50,OP1010,GRD004,581,191.0,30.7,51,37.1,Yes,Yes
2026-09-23 06:04:50,OP1002,DMP005,653,168.3,29.1,60,37.2,Yes,Yes
2026-09-23 06:04:50,OP1009,CMP006,597,159.7,28.1,58,37.2,Yes,Yes
2026-09-23 06:04:50,OP1007,EXC007,615,177.4,30.0,51,37.0,Yes,Yes
2026-09-23 06:04:50,OP1002,LDR008,604,170.7,31.4,58,37.0,Yes,Yes
2026-09-23 06:04:51,OP1010,EXC001,606,166.6,28.6,62,37.2,Yes,Yes
2026-09-23 06:04:51,OP1010,LDR002,611,158.2,31.2,37,37.2,Yes,Yes
2026-09-23 06:04:51,OP1010,BDZ003,633,130.4,31.6,38,37.1,Yes,Yes
2026-09-23 06:04:51,OP1010,GRD004,578,191.8,30.7,50,37.1,Yes,Yes
2026-09-23 06:04:51,OP1002,DMP005,600,167.8,29.0,58,37.1,Yes,Yes
2026-09-23 06:04:51,OP1009,CMP006,593,160.3,28.0,59,37.2,Yes,Yes
2026-09-23 06:04:51,OP1007,EXC007,615,178.1,30.1,50,37.0,Yes,Yes
2026-09-23 06:04:51,OP1002,LDR008,596,170.2,31.5,58,37.0,Yes,Yes
2026-09-23 06:04:52,OP1010,EXC001,613,166.6,28.5,60,37.2,Yes,Yes
2026-09-23 06:04:52,OP1010,LDR002,600,160.0,31.3,37,37.0,Yes,Yes
2026-09-23 06:04:52,OP1010,BDZ003,637,132.1,31.7,38,37.1,Yes,Yes
2026-09-23 06:04:52,OP1010,GRD004,574,192.5,30.7,50,37.1,Yes,Yes
2026-09-23 06:04:52,OP1002,DMP005,609,167.8,28.9,56,37.2,Yes,Yes
2026-09-23 06:04:52,OP1009,CMP006,600,161.1,28.0,58,37.1,Yes,Yes
2026-09-23 06:04:52,OP1007,EXC007,609,177.6,30.0,52,37.0,Yes,Yes
2026-09-23 06:04:52,OP1002,LDR008,601,172.0,31.6,60,37.0,Yes,Yes
2026-09-23 06:04:53,OP1010,EXC001,611,168.4,28.4,61,37.2,Yes,Yes
2026-09-23 06:04:53,OP1010,LDR002,593,159.8,31.3,36,37.0,Yes,Yes
2026-09-23 06:04:53,OP1010,BDZ003,649,131.3,31.7,38,37.2,Yes,Yes
2026-09-23 06:04:53,OP1010,GRD004,583,194.0,30.7,49,37.2,Yes,Yes
2026-09-23 06:04:53,OP1002,DMP005,610,166.8,28.9,56,37.2,Yes,Yes
2026-09-23 06:04:53,OP1009,CMP006,598,161.3,28.1,56,37.1,Yes,Yes
2026-09-23 06:04:53,OP1007,EXC007,616,178.2,29.9,50,37.0,Yes,Yes
2026-09-23 06:04:53,OP1002,LDR008,595,172.2,31.6,62,37.0,Yes,Yes
2026-09-23 06:04:54,OP1010,EXC001,600,167.6,28.4,60,37.2,Yes,Yes
2026-09-23 06:04:54,OP1010,LDR002,591,159.0,31.2,35,37.1,Yes,Yes
2026-09-23 06:04:54,OP1010,BDZ003,659,130.6,31.8,36,37.2,Yes,Yes
2026-09-23 06:04:54,OP1010,GRD004,583,193.2,30.6,51,37.2,Yes,Yes
2026-09-23 06:04:54,OP1002,DMP005,604,166.2,28.9,55,37.2,Yes,Yes
2026-09-23 06:04:54,OP1009,CMP006,594,160.7,28.2,55,37.2,Yes,Yes
2026-09-23 06:04:54,OP1007,EXC007,622,179.2,30.0,51,37.0,Yes,Yes
2026-09-23 06:04:54,OP1002,LDR008,605,174.1,31.7,61,37.0,Yes,Yes
2026-09-23 06:04:55,OP1010,EXC001,600,166.7,28.5,61,37.0,Yes,Yes
2026-09-23 06:04:55,OP1010,LDR002,594,158.1,31.2,36,37.2,Yes,Yes
2026-09-23 06:04:55,OP1010,BDZ003,668,131.3,31.8,35,37.2,Yes,Yes
2026-09-23 06:04:55,OP1010,GRD004,585,194.0,30.6,53,37.2,Yes,Yes
2026-09-23 06:04:55,OP1002,DMP005,600,168.0,29.0,55,37.2,Yes,Yes
2026-09-23 06:04:55,OP1009,CMP006,593,161.3,28.2,55,37.2,Yes,Yes
2026-09-23 06:04:55,OP1007,EXC007,629,180.4,30.0,53,37.0,Yes,Yes
2026-09-23 06:04:55,OP1002,LDR008,602,174.1,31.8,60,37.0,Yes,Yes
2026-09-23 06:04:56,OP1010,EXC001,604,167.6,28.4,61,37.0,Yes,Yes
2026-09-23 06:04:56,OP1010,LDR002,594,159.8,31.2,37,37.2,Yes,Yes
2026-09-23 06:04:56,OP1010,BDZ003,602,130.8,31.9,35,37.2,Yes,Yes
2026-09-23 06:04:56,OP1010,GRD004,600,195.9,30.5,52,37.2,Yes,Yes
2026-09-23 06:04:56,OP1002,DMP005,612,169.2,29.0,56,37.2,Yes,Yes
2026-09-23 06:04:56,OP1009,CMP006,596,160.6,28.1,56,37.2,Yes,Yes
2026-09-23 06:04:56,OP1007,EXC007,637,182.1,30.1,54,37.0,Yes,Yes
2026-09-23 06:04:56,OP1002,LDR008,599,174.9,31.7,58,37.1,Yes,Yes
2026-09-23 06:04:57,OP1010,EXC001,596,167.9,28.5,59,37.0,Yes,Yes
2026-09-23 06:04:57,OP1010,LDR002,604,160.0,31.2,38,37.2,Yes,Yes
2026-09-23 06:04:57,OP1010,BDZ003,613,130.3,31.9,35,37.2,Yes,Yes
2026-09-23 06:04:57,OP1010,GRD004,607,195.4,30.5,52,37.2,Yes,Yes
2026-09-23 06:04:57,OP1002,DMP005,619,169.8,29.0,58,37.2,Yes,Yes
2026-09-23 06:04:57,OP1009,CMP006,606,160.2,28.1,55,37.2,Yes,Yes
2026-09-23 06:04:57,OP1007,EXC007,647,182.0,30.2,52,37.0,Yes,Yes
2026-09-23 06:04:57,OP1002,LDR008,611,176.4,31.8,57,37.1,Yes,Yes
2026-09-23 06:04:58,OP1010,EXC001,603,167.0,28.4,59,37.0,Yes,Yes
2026-09-23 06:04:58,OP1010,LDR002,604,161.8,31.3,38,37.2,Yes,Yes
2026-09-23 06:04:58,OP1010,BDZ003,614,131.6,32.0,37,37.2,Yes,Yes
2026-09-23 06:04:58,OP1010,GRD004,599,196.3,30.5,52,37.2,Yes,Yes
2026-09-23 06:04:58,OP1002,DMP005,615,170.7,29.0,60,37.2,Yes,Yes
2026-09-23 06:04:58,OP1009,CMP006,617,161.0,28.2,53,37.2,Yes,Yes
2026-09-23 06:04:58,OP1007,EXC007,643,182.6,30.1,52,37.0,Yes,Yes
2026-09-23 06:04:58,OP1002,LDR008,622,176.8,31.8,57,37.2,Yes,Yes
2026-09-23 06:04:59,OP1010,EXC001,615,166.2,28.4,61,37.0,Yes,Yes
2026-09-23 06:04:59,OP1010,LDR002,600,162.2,31.3,40,37.1,Yes,Yes
2026-09-23 06:04:59,OP1010,BDZ003,615,132.8,32.1,39,37.2,Yes,Yes
2026-09-23 06:04:59,OP1010,GRD004,609,198.3,30.5,54,37.2,Yes,Yes
2026-09-23 06:04:59,OP1002,DMP005,608,169.9,29.0,60,37.2,Yes,Yes
2026-09-23 06:04:59,OP1009,CMP006,609,161.9,28.1,55,37.2,Yes,Yes
2026-09-23 06:04:59,OP1007,EXC007,648,183.2,30.2,52,37.1,Yes,Yes
2026-09-23 06:04:59,OP1002,LDR008,622,177.9,31.8,57,37.2,Yes,Yes
